Rank,Name,Median_score,Cooperation_rating,Wins,Initial_C_rate,CC_rate,CD_rate,DC_rate,DD_rate,CC_to_C_rate,CD_to_C_rate,DC_to_C_rate,DD_to_C_rate,Noise_Level,coop_rate,first_move_c,provocability,retaliation_rate,forgiveness_rate
0,Cycler DDC,2.33684210526,0.4567828020756115,3.0,0.3436619718309859,0.2278724981467753,0.2289103039288361,0.2782802075611564,0.264936990363232,0.446332106095,0.428139502359,0.48516009966,0.484657306711,11078,0.4567828020756115,0.3436619718309859,0.5323204586614425,0.5415400784344482,0.48516009966
1,"DoubleCrosser: ('D', 'D')",2.30526315789,0.4962194217939214,2.0,0.6450704225352113,0.253817642698295,0.2424017790956264,0.2585618977020014,0.2452186805040771,0.538065068866,0.485718019494,0.482399650332,0.441113313413,11078,0.4962194217939214,0.6450704225352113,0.4900253506719906,0.5367131704901817,0.482399650332
2,Hard Go By Majority: 5,2.28421052632,0.4908821349147517,2.0,0.3633802816901408,0.2456634544106745,0.2452186805040771,0.2527798369162343,0.2563380281690141,0.56261210279,0.456285108245,0.542018575454,0.428347028937,11078,0.4908821349147517,0.3633802816901408,0.44783166999640095,0.5579936204347316,0.542018575454
3,Math Constant Hunter,2.24210526316,0.5248332097850259,2.0,0.6169014084507042,0.2744255003706449,0.250407709414381,0.2403261675315048,0.2348406226834692,0.523213775029,0.537930959468,0.509444271367,0.50454541417,11078,0.5248332097850259,0.6169014084507042,0.48321490165190495,0.4782262980181082,0.509444271367
4,Soft Go By Majority: 20,2.23157894737,0.5292809488510007,2.0,0.6169014084507042,0.2668643439584878,0.2624166048925129,0.2410674573758339,0.2296515937731653,0.59254638993,0.502025839198,0.53918084538,0.457107180536,11078,0.5292809488510007,0.6169014084507042,0.43278121527674257,0.5189380060166544,0.53918084538
5,Firm But Fair,2.21052631579,0.5494440326167531,1.0,0.6281690140845071,0.2839140103780578,0.2655300222386953,0.223869532987398,0.2266864343958487,0.622586152205,0.391500057831,0.639849859919,0.531400981963,11078,0.5494440326167531,0.6281690140845071,0.3698026949050321,0.5440696671696543,0.639849859919
