Rank,Name,Median_score,Cooperation_rating,Wins,Initial_C_rate,CC_rate,CD_rate,DC_rate,DD_rate,CC_to_C_rate,CD_to_C_rate,DC_to_C_rate,DD_to_C_rate,Noise_Level,coop_rate,first_move_c,provocability,retaliation_rate,forgiveness_rate
0,Math Constant Hunter,3.375,0.125,4.0,0.1111111111111111,0.0805555555555555,0.0444444444444444,0.5472222222222223,0.3277777777777778,0.2875,0.18253968254,0.11901915513,0.132479441512,11079,0.125,0.1111111111111111,0.8593616214132301,0.8615432162757016,0.11901915513
1,Firm But Fair,2.9,0.2708333333333333,3.0,0.1055555555555555,0.1222222222222222,0.1486111111111111,0.4305555555555556,0.298611111111111,0.167987440191,0.923479135244,0.123837852604,0.370676830677,11079,0.2708333333333333,0.1055555555555555,0.8664004295375678,0.44562799358179184,0.123837852604
2,Soft Go By Majority: 20,2.5,0.4180555555555555,2.0,0.1333333333333333,0.1583333333333333,0.2597222222222222,0.3458333333333333,0.2361111111111111,0.449417249417,0.79378851123,0.1618677356,0.647523677524,11079,0.4180555555555555,0.1333333333333333,0.7478274584078842,0.2758614095823809,0.1618677356
3,"DoubleCrosser: ('D', 'D')",2.3,0.5055555555555555,2.0,0.1111111111111111,0.2486111111111111,0.2569444444444445,0.2486111111111111,0.2458333333333333,0.881411220359,0.752619047619,0.670922498554,0.473787768209,11079,0.5055555555555555,0.1111111111111111,0.22383314054349998,0.38371558347373486,0.670922498554
4,Hard Go By Majority: 5,1.25,0.7736111111111111,1.0,0.9055555555555556,0.2055555555555555,0.5680555555555555,0.1083333333333332,0.1180555555555555,0.510281385281,0.90599893958,0.495238095238,0.733424908425,11079,0.7736111111111111,0.9055555555555556,0.4949105466807434,0.12369497266326925,0.495238095238
5,Cycler DDC,1.15,0.6861111111111111,0.0,0.8777777777777778,0.1875,0.4986111111111111,0.0958333333333333,0.2180555555555555,0.495454545455,0.468368766744,0.796666666667,0.776513876514,11079,0.6861111111111111,0.8777777777777778,0.4026648841350588,0.43787390334536064,0.796666666667
