Rank,Name,Median_score,Cooperation_rating,Wins,Initial_C_rate,CC_rate,CD_rate,DC_rate,DD_rate,CC_to_C_rate,CD_to_C_rate,DC_to_C_rate,DD_to_C_rate,Noise_Level,coop_rate,first_move_c,provocability,retaliation_rate,forgiveness_rate
0,Firm But Fair,2.49212121212,0.4557950640424867,4.0,0.3917525773195876,0.2499718837863168,0.2058231802561699,0.2990190565448297,0.2451858794126835,0.397063721986,0.605831134402,0.392999270549,0.468445104019,11084,0.4557950640424867,0.3917525773195876,0.6051500639707063,0.4688571982519078,0.392999270549
1,Soft Go By Majority: 20,2.44606060606,0.466954076850984,4.0,0.379381443298969,0.2486223055295219,0.218331771321462,0.2900093720712277,0.2430365510777881,0.462666491219,0.504837341438,0.441880417588,0.468178295376,11084,0.466954076850984,0.379381443298969,0.5485251196947957,0.5144736682004128,0.441880417588
2,Hard Go By Majority: 5,2.37333333333,0.4916838487972508,3.0,0.5855670103092784,0.2573570759137769,0.2343267728834739,0.2732396126210559,0.2350765385816932,0.467393935104,0.548625560751,0.436604852326,0.521891252864,11084,0.4916838487972508,0.5855670103092784,0.5484614164897861,0.4647629441997572,0.436604852326
3,Cycler DDC,2.24242424242,0.5352827241487035,2.0,0.5814432989690722,0.2735770071852546,0.2617057169634489,0.2394251796313652,0.2252920962199312,0.526565619096,0.525830957504,0.542266719915,0.5491581586,11084,0.5352827241487035,0.5814432989690722,0.46610646110052545,0.4633775483833093,0.542266719915
4,Math Constant Hunter,2.11393939394,0.5850671665104655,1.0,0.3711340206185567,0.2897219618869103,0.295345204623555,0.2081224617307092,0.2068103717588253,0.587042415696,0.59616423776,0.580733813105,0.577270840949,11084,0.5850671665104655,0.3711340206185567,0.41559487788214017,0.411616917328268,0.580733813105
5,"DoubleCrosser: ('D', 'D')",2.09575757576,0.5898781630740394,1.0,0.3628865979381443,0.2934208059981256,0.2964573570759138,0.202174320524836,0.2079475164011247,0.594240665809,0.596214629597,0.577314885126,0.592193315714,11084,0.5898781630740394,0.3628865979381443,0.4126640796693221,0.40544320972734044,0.577314885126
