Rank,Name,Median_score,Cooperation_rating,Wins,Initial_C_rate,CC_rate,CD_rate,DC_rate,DD_rate,CC_to_C_rate,CD_to_C_rate,DC_to_C_rate,DD_to_C_rate,Noise_Level,coop_rate,first_move_c,provocability,retaliation_rate,forgiveness_rate
0,Firm But Fair,2.51443850267,0.4461351482741857,4.0,0.3954545454545454,0.244141954302382,0.2019931939718036,0.3105493437044239,0.2433155080213903,0.377137851739,0.613715794928,0.38473965492,0.456291184524,11081,0.4461351482741857,0.3954545454545454,0.6186062044643102,0.47230059973051747,0.38473965492
1,Soft Go By Majority: 20,2.43796791444,0.4612299465240642,4.0,0.3272727272727272,0.2413952357802625,0.2198347107438016,0.2931696645600389,0.2456003889158969,0.459586126046,0.502491714736,0.423905043652,0.472829220643,11081,0.4612299465240642,0.3272727272727272,0.5599823322458348,0.5131605643696858,0.423905043652
2,Hard Go By Majority: 5,2.37914438503,0.4880894506562955,3.0,0.5818181818181818,0.2541565386485172,0.2339329120077783,0.2764462809917355,0.2354642683519689,0.462148170924,0.549907380693,0.42805651058,0.522545592598,11081,0.4880894506562955,0.5818181818181818,0.5556137262353894,0.4638181457570163,0.42805651058
3,Cycler DDC,2.26684491979,0.5403743315508022,2.0,0.6136363636363636,0.2793874574623237,0.2609868740884783,0.2394506562955761,0.2201750121536217,0.537186043471,0.525903976229,0.559934937274,0.54110073136,11081,0.5403743315508022,0.6136363636363636,0.45231504095845176,0.4671421360227505,0.559934937274
4,Math Constant Hunter,2.09465240642,0.5906417112299466,1.0,0.3727272727272727,0.2910063198833252,0.2996353913466213,0.2040836169178415,0.2052746718522119,0.595922312091,0.593144471119,0.584296825483,0.588439996815,11081,0.5906417112299466,0.3727272727272727,0.4088698906564847,0.40876816538674227,0.584296825483
5,"DoubleCrosser: ('D', 'D')",2.07272727273,0.5993923189110355,0.0,0.3545454545454545,0.2941905687894993,0.3052017501215362,0.1978852698104035,0.202722411278561,0.601914307057,0.603214206727,0.594091776186,0.601718724353,11081,0.5993923189110355,0.3545454545454545,0.4012314755857984,0.39738266937364897,0.594091776186
