Rank,Name,Median_score,Cooperation_rating,Wins,Initial_C_rate,CC_rate,CD_rate,DC_rate,DD_rate,CC_to_C_rate,CD_to_C_rate,DC_to_C_rate,DD_to_C_rate,Noise_Level,coop_rate,first_move_c,provocability,retaliation_rate,forgiveness_rate
0,"DoubleCrosser: ('D', 'D')",2.31707317073,0.433170731707317,3.0,0.72,0.224390243902439,0.208780487804878,0.2668292682926829,0.3,0.485182661634,0.412343960194,0.406969146673,0.404035934379,11086,0.433170731707317,0.72,0.5573027332852324,0.5925548277985455,0.406969146673
1,Cycler DDC,2.2756097561,0.4380487804878049,3.0,0.4,0.208780487804878,0.2292682926829268,0.2746341463414634,0.2873170731707317,0.399981700489,0.399774140492,0.474464812015,0.474878937811,11086,0.4380487804878049,0.4,0.5577034742949172,0.5584536917828904,0.474464812015
2,Math Constant Hunter,2.21951219512,0.4892682926829268,2.5,0.66,0.2521951219512195,0.2370731707317073,0.2321951219512195,0.2785365853658537,0.507420612299,0.540090259528,0.413265904661,0.478218793068,11086,0.4892682926829268,0.66,0.5377129635677553,0.4933332100544598,0.413265904661
3,Firm But Fair,2.19268292683,0.5341463414634147,1.0,0.7,0.2648780487804878,0.2692682926829268,0.2282926829268292,0.2375609756097561,0.639332158907,0.317619412806,0.65355906458,0.520464764853,11086,0.5341463414634147,0.7,0.35408209247285755,0.5873029294010366,0.65355906458
4,Hard Go By Majority: 5,2.19024390244,0.4858536585365853,2.0,0.42,0.2302439024390243,0.255609756097561,0.2468292682926829,0.2673170731707317,0.531789438868,0.457714056044,0.50824642306,0.467946158417,11086,0.4858536585365853,0.42,0.48039130346211045,0.5370553543101008,0.50824642306
5,Soft Go By Majority: 20,2.12926829268,0.5136585365853659,1.0,0.62,0.2497560975609756,0.2639024390243902,0.2151219512195122,0.2712195121951219,0.541382278097,0.507743651372,0.541031206751,0.46118301252,11086,0.5136585365853659,0.62,0.4587801798920724,0.5158549951199891,0.541031206751
