Rank,Name,Median_score,Cooperation_rating,Wins,Initial_C_rate,CC_rate,CD_rate,DC_rate,DD_rate,CC_to_C_rate,CD_to_C_rate,DC_to_C_rate,DD_to_C_rate,Noise_Level,coop_rate,first_move_c,provocability,retaliation_rate,forgiveness_rate
0,"DoubleCrosser: ('D', 'D')",2.7,0.4992307692307692,3.0,0.8153846153846154,0.3023076923076923,0.1969230769230769,0.3107692307692308,0.19,0.420465524813,0.494173940599,0.242317229953,0.302041062802,11083,0.4992307692307692,0.8153846153846154,0.6698380023180414,0.6001736156949542,0.242317229953
1,Cycler DDC,2.6,0.3323076923076923,3.0,0.1876923076923076,0.1561538461538461,0.1761538461538461,0.3584615384615384,0.3092307692307692,0.25549884529,0.264539906677,0.464901474079,0.467522791024,11083,0.3323076923076923,0.1876923076923076,0.5986392339092914,0.6061429467184135,0.464901474079
2,Hard Go By Majority: 5,2.55,0.4653846153846154,2.0,0.2246153846153846,0.2553846153846154,0.2099999999999999,0.3069230769230769,0.2276923076923077,0.745555926254,0.29290564508,0.691763137831,0.252171717172,11083,0.4653846153846154,0.2246153846153846,0.2838056641437797,0.7282845880672197,0.691763137831
3,Firm But Fair,2.25,0.6407692307692308,1.0,0.796923076923077,0.3553846153846153,0.2853846153846154,0.1992307692307692,0.16,0.800289055973,0.12681730161,0.809439994915,0.584112364244,11083,0.6407692307692308,0.796923076923077,0.19642371353327184,0.7089039884973023,0.809439994915
4,Soft Go By Majority: 20,2.2,0.6369230769230769,1.0,0.7815384615384615,0.3707692307692307,0.2661538461538461,0.1838461538461538,0.1792307692307692,0.74159694461,0.406828729695,0.691394337988,0.427168458781,11083,0.6369230769230769,0.7815384615384615,0.2750444187501359,0.5849861979785095,0.691394337988
5,Math Constant Hunter,2.0,0.8115384615384615,1.0,0.8215384615384616,0.4738461538461538,0.3376923076923077,0.113076923076923,0.0753846153846153,0.801945949633,0.815738656014,0.817919517758,0.858596491228,11083,0.8115384615384615,0.8215384615384616,0.1949765739392477,0.17643998858381754,0.817919517758
