Rank,Name,Median_score,Cooperation_rating,Wins,Initial_C_rate,CC_rate,CD_rate,DC_rate,DD_rate,CC_to_C_rate,CD_to_C_rate,DC_to_C_rate,DD_to_C_rate,Noise_Level,coop_rate,first_move_c,provocability,retaliation_rate,forgiveness_rate
0,"DoubleCrosser: ('D', 'D')",2.65614035088,0.6312479311486263,3.0,0.9622641509433962,0.5468387951009599,0.0844091360476663,0.1684872558755379,0.2002648129758358,0.852314017695,0.681880070005,0.349235546023,0.0943032171756,11088,0.6312479311486263,0.9622641509433962,0.26618063389271307,0.7314734136714967,0.349235546023
1,Math Constant Hunter,2.54736842105,0.5807348560079444,4.0,0.9547169811320756,0.4051638530287983,0.175571002979146,0.2150943396226415,0.2041708043694141,0.754395700094,0.75914914334,0.274865806805,0.324577227275,11088,0.5807348560079444,0.9547169811320756,0.4118966068006484,0.4745014475150312,0.274865806805
2,Firm But Fair,2.46315789474,0.7476994372724264,2.0,0.9547169811320756,0.5666997682886461,0.1809996689837802,0.1225422045680238,0.1297583581595498,0.943944785652,0.0515770987555,0.9466759474,0.687200276621,11088,0.7476994372724264,0.9547169811320756,0.0555696336741408,0.6830156944664045,0.9466759474
3,Soft Go By Majority: 20,2.4350877193,0.6537570340946707,1.0,0.9283018867924528,0.5131413439258524,0.1406156901688182,0.1359152598477325,0.2103277060575968,0.821624764484,0.631191653657,0.63519554233,0.287028854334,11088,0.6537570340946707,0.9283018867924528,0.21741432089769744,0.5750722990781766,0.63519554233
4,Hard Go By Majority: 5,2.39649122807,0.548162859980139,3.0,0.060377358490566,0.4134392585236676,0.1347236014564713,0.1757034094670639,0.2761337305527971,0.821618517037,0.446004573324,0.614704698836,0.0723190429571,11088,0.548162859980139,0.060377358490566,0.2400905821320588,0.8051463044008373,0.614704698836
5,Cycler DDC,1.58245614035,0.3515392254220457,2.0,0.0415094339622641,0.0779874213836478,0.2735518040383978,0.1721284342932803,0.4763323402846738,0.0953765393299,0.113081998044,0.414718431119,0.558733586701,11088,0.3515392254220457,0.0415094339622641,0.6848540274642609,0.6038365876020567,0.414718431119
