Rank,Name,Median_score,Cooperation_rating,Wins,Initial_C_rate,CC_rate,CD_rate,DC_rate,DD_rate,CC_to_C_rate,CD_to_C_rate,DC_to_C_rate,DD_to_C_rate,Noise_Level,coop_rate,first_move_c,provocability,retaliation_rate,forgiveness_rate
0,Firm But Fair,2.77517241379,0.4020203982515784,5.0,0.3323943661971831,0.2373385138416707,0.1646818844099077,0.3638853812530354,0.2340942204953861,0.311302088201,0.684500069977,0.308834156346,0.440310216704,11082,0.4020203982515784,0.3323943661971831,0.6901916054650206,0.45884711821122287,0.308834156346
1,Soft Go By Majority: 20,2.62206896552,0.4250218552695483,4.0,0.3070422535211267,0.2261097620203982,0.1989120932491501,0.3403593977659057,0.2346187469645459,0.435674520824,0.530373027023,0.355607195285,0.420346612523,11082,0.4250218552695483,0.3070422535211267,0.6124334233250888,0.5291712016880816,0.355607195285
2,Hard Go By Majority: 5,2.4275862069,0.4740359397765906,3.0,0.6985915492957746,0.2417095677513356,0.232326372025255,0.2992326372025254,0.2267314230208839,0.445239511013,0.590736985381,0.37084290609,0.510444532856,11082,0.4740359397765906,0.6985915492957746,0.5959144091029621,0.44891994282125464,0.37084290609
3,Cycler DDC,2.2,0.5631277319086936,2.0,0.6873239436619718,0.2897911607576494,0.2733365711510441,0.2234094220495386,0.2134628460417678,0.529982956266,0.539186594701,0.600922401565,0.59530723068,11082,0.5631277319086936,0.6873239436619718,0.43913527741161296,0.43620435636703203,0.600922401565
4,Math Constant Hunter,1.94896551724,0.6423506556580865,1.0,0.3436619718309859,0.3033899951432734,0.338960660514813,0.1759689169499757,0.1816804273919378,0.646834478463,0.674627219099,0.592358926513,0.629992123515,11082,0.6423506556580865,0.3436619718309859,0.3731630716712695,0.34094843067344655,0.592358926513
5,"DoubleCrosser: ('D', 'D')",1.89379310345,0.6616027197668771,0.0,0.323943661971831,0.3069451189898008,0.3546576007770762,0.1600194269062652,0.1783778533268577,0.665816854043,0.679383124749,0.61653420762,0.663782937994,11082,0.6616027197668771,0.323943661971831,0.3510713249554712,0.32583740571183567,0.61653420762
