Rank,Name,Median_score,Cooperation_rating,Wins,Initial_C_rate,CC_rate,CD_rate,DC_rate,DD_rate,CC_to_C_rate,CD_to_C_rate,DC_to_C_rate,DD_to_C_rate,Noise_Level,coop_rate,first_move_c,provocability,retaliation_rate,forgiveness_rate
0,Firm But Fair,2.59792746114,0.438664363845711,5.0,0.3422222222222222,0.2441450777202072,0.1945192861255037,0.3205296488198043,0.2408059873344847,0.3633073405,0.632749915746,0.372506645975,0.448890676591,11080,0.438664363845711,0.3422222222222222,0.6314708034212706,0.4689542772207707,0.372506645975
1,Soft Go By Majority: 20,2.52953367876,0.4453195164075993,4.0,0.4222222222222222,0.2376280944156591,0.20769142199194,0.313483016695452,0.2411974668969487,0.448921384262,0.491470404828,0.41222930625,0.442070511502,11080,0.4453195164075993,0.4222222222222222,0.5719498031848225,0.5350731996811328,0.41222930625
2,Hard Go By Majority: 5,2.41865284974,0.4850892343120322,3.0,0.6355555555555555,0.2522970639032815,0.2327921704087507,0.2835233160621762,0.2313874496257915,0.456496696839,0.552344779747,0.419606912389,0.523412695438,11080,0.4850892343120322,0.6355555555555555,0.5630231169029803,0.46207748463444726,0.419606912389
3,Cycler DDC,2.24248704663,0.5434657455382844,2.0,0.6311111111111111,0.2804145077720207,0.2630512377662636,0.2368911917098445,0.219643062751871,0.526136773151,0.526390714028,0.563270835888,0.56212226118,11080,0.5434657455382844,0.6311111111111111,0.4568583255235228,0.45735016204013723,0.563270835888
4,Math Constant Hunter,2.04663212435,0.6094876223373633,1.0,0.4222222222222222,0.2953137593552101,0.3141738629821531,0.1925158318940702,0.1979965457685664,0.618311760617,0.620252935932,0.598341211584,0.593004993544,11080,0.6094876223373633,0.4222222222222222,0.3895693661728358,0.39028066456492116,0.598341211584
5,"DoubleCrosser: ('D', 'D')",2.03419689119,0.6206102475532528,0.0,0.3911111111111111,0.2985837651122625,0.3220264824409902,0.1873114565342544,0.1920782959124927,0.621995186184,0.623399032228,0.610397679286,0.626736464264,11080,0.6206102475532528,0.3911111111111111,0.3824756252429352,0.3753540463559967,0.610397679286
