Rank,Name,Median_score,Cooperation_rating,Wins,Initial_C_rate,CC_rate,CD_rate,DC_rate,DD_rate,CC_to_C_rate,CD_to_C_rate,DC_to_C_rate,DD_to_C_rate,Noise_Level,coop_rate,first_move_c,provocability,retaliation_rate,forgiveness_rate
0,"DoubleCrosser: ('D', 'D')",2.40340909091,0.4413419913419913,3.0,0.9523809523809524,0.3685335497835497,0.0728084415584415,0.1850378787878787,0.3736201298701299,0.79281574527,0.512012611824,0.266687829249,0.0650237836505,11087,0.4413419913419913,0.9523809523809524,0.3830488108232365,0.8620764020092038,0.266687829249
1,Math Constant Hunter,2.38693181818,0.4715097402597402,4.0,0.9333333333333332,0.3262175324675325,0.1452922077922078,0.1999729437229437,0.328517316017316,0.75223268953,0.707415086755,0.241927314563,0.181230037323,11087,0.4715097402597402,0.9333333333333332,0.4417032949610066,0.6574169638504902,0.241927314563
2,Soft Go By Majority: 20,2.34431818182,0.5894480519480519,1.0,0.9476190476190476,0.4834956709956709,0.1059523809523809,0.130573593073593,0.279978354978355,0.797426567165,0.625070056587,0.531682087208,0.163786622316,11087,0.5894480519480519,0.9476190476190476,0.2590804323182781,0.7095738706309127,0.531682087208
3,Firm But Fair,2.33181818182,0.7259469696969697,2.0,0.923809523809524,0.5330627705627705,0.1928841991341991,0.1072240259740259,0.1668290043290043,0.945791676429,0.0569768569116,0.948205380678,0.643395794116,11087,0.7259469696969697,0.923809523809524,0.05380411862957653,0.671051787932151,0.948205380678
4,Hard Go By Majority: 5,2.25454545455,0.4680194805194805,2.0,0.0666666666666666,0.3661796536796536,0.1018398268398268,0.1375,0.3944805194805195,0.836413012766,0.448938089946,0.51428936237,0.0812682585449,11087,0.4680194805194805,0.0666666666666666,0.25152383678881696,0.8432896761806918,0.51428936237
5,Cycler DDC,1.41136363636,0.3487554112554112,1.0,0.0523809523809523,0.0664502164502164,0.2823051948051948,0.1407738095238095,0.5104707792207792,0.112690474388,0.111484358337,0.419239021538,0.551377387261,11087,0.3487554112554112,0.0523809523809523,0.6790614395927481,0.6052672277280111,0.419239021538
