Rank,Name,Median_score,Cooperation_rating,Wins,Initial_C_rate,CC_rate,CD_rate,DC_rate,DD_rate,CC_to_C_rate,CD_to_C_rate,DC_to_C_rate,DD_to_C_rate,Noise_Level,coop_rate,first_move_c,provocability,retaliation_rate,forgiveness_rate
0,Firm But Fair,3.56705882353,0.1943034055727554,4.0,0.0,0.0311455108359133,0.1631578947368421,0.7172755417956657,0.0884210526315789,0.0,0.999839047159,0.00171590625308,0.357477044932,11085,0.1943034055727554,0.0,0.9983555011139505,0.22592835111325102,0.00171590625308
1,"DoubleCrosser: ('D', 'D')",3.54823529412,0.4371517027863777,3.0,0.0052631578947368,0.1816718266253869,0.2554798761609907,0.5347987616099071,0.0280495356037151,0.950705569055,0.999172125302,0.208600392601,0.212775217614,11085,0.4371517027863777,0.0052631578947368,0.6032277477744183,0.0786260400578304,0.208600392601
2,Math Constant Hunter,2.82823529412,0.5001238390092879,2.0,0.0,0.1821052631578947,0.3180185758513931,0.4536842105263158,0.0461919504643962,0.511703320946,0.968739188465,0.21055724486,0.440239623028,11085,0.5001238390092879,0.0,0.7031873393074206,0.09828914812391562,0.21055724486
3,Soft Go By Majority: 20,2.43882352941,0.4725696594427244,3.0,0.0,0.036532507739938,0.4360371517027864,0.4489783281733746,0.0784520123839009,0.716401301147,0.998521084041,0.0015662641765,0.613138852574,11085,0.4725696594427244,0.0,0.9446456129038987,0.06024402454832344,0.0015662641765
4,Cycler DDC,1.45176470588,0.6704643962848297,2.0,1.0,0.2342414860681114,0.4362229102167182,0.1043343653250773,0.2252012383900929,0.662764632247,0.473190968246,0.99930092533,0.997070737964,11085,0.6704643962848297,1.0,0.23352950567457015,0.3484388087185791,0.99930092533
5,Hard Go By Majority: 5,0.745882352941,0.7960371517027863,1.0,1.0,0.0084829721362229,0.7875541795665635,0.1373993808049535,0.06656346749226,0.931402439024,0.998969729382,0.000478468899522,0.800565504241,11085,0.7960371517027863,1.0,0.945388855418367,0.016492394876849833,0.000478468899522
