Rank,Name,Median_score,Cooperation_rating,Wins,Initial_C_rate,CC_rate,CD_rate,DC_rate,DD_rate,CC_to_C_rate,CD_to_C_rate,DC_to_C_rate,DD_to_C_rate,Noise_Level,coop_rate,first_move_c,provocability,retaliation_rate,forgiveness_rate
0,Firm But Fair,2.63483146067,0.4262335124572545,4.0,0.2956521739130435,0.2374206155349291,0.1888128969223253,0.3339032730825598,0.2398632144601856,0.335044892756,0.656594522555,0.346354047377,0.451431220971,11089,0.4262335124572545,0.2956521739130435,0.6583456098661005,0.4582034045991242,0.346354047377
1,Soft Go By Majority: 20,2.50337078652,0.4477283829995114,4.0,0.3695652173913043,0.2349291646311676,0.2127992183683439,0.3095749877870054,0.2426966292134831,0.451470107962,0.525024716238,0.386998936829,0.449808173447,11089,0.4477283829995114,0.3695652173913043,0.5851846391643072,0.515052051735583,0.386998936829
2,Hard Go By Majority: 5,2.39438202247,0.4799218368343917,3.0,0.6739130434782609,0.2498778700537371,0.2300439667806545,0.2896433805569126,0.2304347826086956,0.463544758356,0.579014762087,0.386851096727,0.502007674111,11089,0.4799218368343917,0.6739130434782609,0.5776284324986125,0.45952146048702847,0.386851096727
3,Cycler DDC,2.20337078652,0.5477283829995114,2.0,0.6217391304347826,0.2830972154372252,0.2646311675622863,0.2256961406936981,0.2265754763067904,0.528587929982,0.521423173974,0.586810126358,0.558042525454,11089,0.5477283829995114,0.6217391304347826,0.4455852291867835,0.4616856721558618,0.586810126358
4,Math Constant Hunter,2.08651685393,0.5947728382999512,1.0,0.3782608695652174,0.290180752320469,0.3045920859794822,0.2032242305813385,0.2020029311187103,0.611248753024,0.624463818232,0.569311867589,0.566069943862,11089,0.5947728382999512,0.3782608695652174,0.40602426117497037,0.3988205280090752,0.569311867589
5,"DoubleCrosser: ('D', 'D')",1.94943820225,0.6335613092330239,0.0,0.3434782608695652,0.2988275525158769,0.334733756717147,0.1735710796287249,0.1928676111382511,0.641171156442,0.647948901312,0.60149707389,0.638198317662,11089,0.6335613092330239,0.3434782608695652,0.37340609436536887,0.35561547871116667,0.60149707389
