Rank,Name,Median_score,Cooperation_rating,Wins,Initial_C_rate,CC_rate,CD_rate,DC_rate,DD_rate,CC_to_C_rate,CD_to_C_rate,DC_to_C_rate,DD_to_C_rate,Noise_Level,coop_rate,first_move_c,provocability,retaliation_rate,forgiveness_rate
0,Soft Go By Majority: 20,2.31951219512,0.4917073170731707,3.0,0.52,0.2536585365853658,0.2380487804878048,0.2590243902439025,0.2492682926829268,0.487265632455,0.496519197262,0.479086997555,0.503925944117,11096,0.4917073170731707,0.52,0.5168664847018982,0.4996921664588158,0.479086997555
1,Firm But Fair,2.26463414634,0.4939024390243902,3.0,0.59,0.2480487804878048,0.2458536585365853,0.2521951219512195,0.2539024390243902,0.487962013703,0.512511505995,0.470212835516,0.500241697919,11096,0.4939024390243902,0.59,0.5209861336618747,0.49372220323248467,0.470212835516
2,Cycler DDC,2.25243902439,0.5058536585365854,2.0,0.5,0.258780487804878,0.2470731707317073,0.2456097560975609,0.2485365853658536,0.504424280912,0.496140677508,0.512220161232,0.511218212154,11096,0.5058536585365854,0.5,0.4917795626652534,0.49629829502926676,0.512220161232
3,"DoubleCrosser: ('D', 'D')",2.24390243902,0.5118292682926829,3.0,0.53,0.2604878048780487,0.2513414634146341,0.2429268292682926,0.2452439024390243,0.492745349569,0.516172255087,0.519496291853,0.519997134074,11096,0.5118292682926829,0.53,0.49434576549162795,0.4819387882227109,0.519496291853
4,Hard Go By Majority: 5,2.22317073171,0.4978048780487805,2.0,0.54,0.2528048780487805,0.245,0.2425609756097561,0.2596341463414634,0.485159993261,0.507585912351,0.499268940011,0.498413436567,11096,0.4978048780487805,0.54,0.5079314161221241,0.4971333242232232,0.499268940011
5,Math Constant Hunter,2.20609756098,0.5121951219512195,2.0,0.49,0.2559756097560975,0.2562195121951219,0.2412195121951219,0.2465853658536585,0.515766239855,0.522730478379,0.515714435542,0.49492888912,11096,0.5121951219512195,0.49,0.4842588935595484,0.4909039658319382,0.515714435542
