Rank,Name,Median_score,Cooperation_rating,Wins,Initial_C_rate,CC_rate,CD_rate,DC_rate,DD_rate,CC_to_C_rate,CD_to_C_rate,DC_to_C_rate,DD_to_C_rate,Noise_Level,coop_rate,first_move_c,provocability,retaliation_rate,forgiveness_rate
0,"DoubleCrosser: ('D', 'D')",2.26111111111,0.2943415637860082,4.0,0.762962962962963,0.1501028806584362,0.144238683127572,0.274519890260631,0.4311385459533607,0.540790952486,0.321218025957,0.257228785013,0.210454290129,11094,0.2943415637860082,0.762962962962963,0.6425328361282276,0.7617788560807647,0.257228785013
1,Math Constant Hunter,2.17962962963,0.4210219478737997,3.0,0.7814814814814814,0.2065157750342935,0.2145061728395061,0.2446844993141289,0.3342935528120713,0.527418255354,0.537292710021,0.320674510344,0.337355622048,11094,0.4210219478737997,0.7814814814814814,0.5846982317362447,0.584496125419905,0.320674510344
2,Soft Go By Majority: 20,2.125,0.5055898491083676,1.0,0.7703703703703704,0.287037037037037,0.2185528120713305,0.1935528120713305,0.3008573388203017,0.711947783148,0.555584371443,0.475682574425,0.317183289538,11094,0.5055898491083676,0.7703703703703704,0.38320569466223353,0.5825044105161024,0.475682574425
3,Hard Go By Majority: 5,2.1,0.4551440329218107,3.0,0.2259259259259259,0.248113854595336,0.2070301783264746,0.2093278463648834,0.3355281207133059,0.728636985407,0.445768555263,0.486151234808,0.244180495805,11094,0.4551440329218107,0.2259259259259259,0.3823258320198159,0.6788972416990803,0.486151234808
4,Firm But Fair,2.06574074074,0.5919067215363512,1.0,0.774074074074074,0.3147805212620027,0.2771262002743484,0.1835390946502057,0.224554183813443,0.802637318948,0.19529446991,0.799022429925,0.616388900756,11094,0.5919067215363512,0.774074074074074,0.19869410256814451,0.6162219472627659,0.799022429925
5,Cycler DDC,1.86944444444,0.3990054869684499,1.0,0.2074074074074074,0.1351508916323731,0.2638545953360768,0.2196844993141289,0.3813100137174211,0.289653335915,0.307400822822,0.443823363145,0.490348585474,11094,0.3990054869684499,0.2074074074074074,0.6148974329614493,0.584472021863718,0.443823363145
