Rank,Name,Median_score,Cooperation_rating,Wins,Initial_C_rate,CC_rate,CD_rate,DC_rate,DD_rate,CC_to_C_rate,CD_to_C_rate,DC_to_C_rate,DD_to_C_rate,Noise_Level,coop_rate,first_move_c,provocability,retaliation_rate,forgiveness_rate
0,Firm But Fair,2.66,0.4149902152641879,4.0,0.3178082191780822,0.2313502935420743,0.1836399217221134,0.3400391389432485,0.2449706457925636,0.332268867704,0.668090824513,0.322676544239,0.436001960187,11097,0.4149902152641879,0.3178082191780822,0.6734396127579438,0.464558632323493,0.322676544239
1,Soft Go By Majority: 20,2.46,0.458238747553816,3.0,0.3205479452054794,0.2360469667318982,0.2221917808219178,0.3028962818003914,0.2388649706457925,0.470576267861,0.550544533732,0.378053035111,0.467751495165,11097,0.458238747553816,0.3205479452054794,0.5814235359336442,0.4923490073863703,0.378053035111
2,Hard Go By Majority: 5,2.34571428571,0.4809001956947162,3.0,0.6438356164383562,0.2446183953033268,0.2362818003913894,0.2859882583170254,0.2331115459882583,0.454892514723,0.59364531338,0.373151318142,0.513753149991,11097,0.4809001956947162,0.6438356164383562,0.5891646456677476,0.44603097488356075,0.373151318142
3,Cycler DDC,2.17428571429,0.5577690802348336,2.0,0.673972602739726,0.2804305283757339,0.2773385518590998,0.2224657534246575,0.2197651663405088,0.534916296356,0.544436209259,0.579510219472,0.576848148335,11097,0.5577690802348336,0.673972602739726,0.44535673197372655,0.4412347585457602,0.579510219472
4,Math Constant Hunter,2.10571428571,0.5829354207436399,1.0,0.336986301369863,0.2826223091976517,0.3003131115459883,0.2092759295499021,0.2077886497064579,0.595466034231,0.631505867516,0.533258003395,0.55943601054,11097,0.5829354207436399,0.336986301369863,0.431000097283966,0.39796716211622796,0.533258003395
5,"DoubleCrosser: ('D', 'D')",2.01714285714,0.6182778864970646,1.0,0.3315068493150685,0.2960469667318982,0.3222309197651664,0.1813307240704501,0.2003913894324853,0.630965491103,0.642864626554,0.584759613967,0.606920465399,11097,0.6182778864970646,0.3315068493150685,0.3865856959734194,0.370917602541604,0.584759613967
