Rank,Name,Median_score,Cooperation_rating,Wins,Initial_C_rate,CC_rate,CD_rate,DC_rate,DD_rate,CC_to_C_rate,CD_to_C_rate,DC_to_C_rate,DD_to_C_rate,Noise_Level,coop_rate,first_move_c,provocability,retaliation_rate,forgiveness_rate
0,"DoubleCrosser: ('D', 'D')",2.79215686275,0.7549549549549549,3.0,0.9837837837837838,0.7191838897721251,0.0357710651828298,0.0955484896661367,0.1494965553789083,0.939605659647,0.827733736772,0.408017280083,0.0182225904558,11095,0.7549549549549549,0.9837837837837838,0.1227368568323737,0.8254787757445908,0.408017280083
1,Soft Go By Majority: 20,2.73725490196,0.7416534181240063,1.0,1.0,0.6767885532591414,0.0648648648648648,0.108797032326444,0.1495495495495495,0.804116112243,0.613123025329,0.638559038752,0.269619419031,11095,0.7416534181240063,1.0,0.21881215758140796,0.6264635236015379,0.638559038752
2,Hard Go By Majority: 5,2.61960784314,0.61939586645469,3.0,0.0216216216216216,0.503921568627451,0.115474297827239,0.1800211976682565,0.2005829358770535,0.82180006384,0.39968238092,0.682632841906,0.0281660800779,11095,0.61939586645469,0.0216216216216216,0.21483026723932724,0.8360971627901522,0.682632841906
3,Math Constant Hunter,2.59803921569,0.645045045045045,4.0,0.9945945945945946,0.5456809750927398,0.0993640699523052,0.1470588235294117,0.2078961314255432,0.843445347869,0.782302372959,0.253016407165,0.182775780009,11095,0.645045045045045,0.9945945945945946,0.2818943331632521,0.6233448888800567,0.253016407165
4,Firm But Fair,2.50196078431,0.791679915209327,1.0,0.9837837837837838,0.6244303126656069,0.1672496025437202,0.105776364599894,0.102543720190779,0.986110771559,0.0141487063202,0.992347376867,0.618294392634,11095,0.791679915209327,0.9837837837837838,0.012985805536959973,0.7562260917514553,0.992347376867
5,Cycler DDC,1.33725490196,0.3367779544250132,1.0,0.0,0.0624801271860095,0.2742978272390037,0.1198198198198198,0.543402225755167,0.0567411738374,0.0293781092512,0.333922263649,0.588710980933,11095,0.3367779544250132,0.0,0.7610767203300338,0.5989174664957101,0.333922263649
