Rank,Name,Median_score,Cooperation_rating,Wins,Initial_C_rate,CC_rate,CD_rate,DC_rate,DD_rate,CC_to_C_rate,CD_to_C_rate,DC_to_C_rate,DD_to_C_rate,Noise_Level,coop_rate,first_move_c,provocability,retaliation_rate,forgiveness_rate
0,"DoubleCrosser: ('D', 'D')",2.39285714286,0.4599378881987577,3.0,0.7043478260869566,0.25527950310559,0.2046583850931677,0.2767080745341615,0.2633540372670807,0.56839086826,0.489506070506,0.382439020306,0.369130267828,11090,0.4599378881987577,0.7043478260869566,0.5283301454743923,0.578230280304182,0.382439020306
1,Math Constant Hunter,2.3,0.5496894409937888,2.0,0.7130434782608696,0.3055900621118012,0.2440993788819875,0.2391304347826087,0.2111801242236025,0.570886297038,0.577765183692,0.49913946916,0.5188505461,11090,0.5496894409937888,0.7130434782608696,0.46061031497229643,0.4495622061869632,0.49913946916
2,Hard Go By Majority: 5,2.25,0.5071428571428571,2.0,0.3304347826086956,0.2711180124223603,0.2360248447204969,0.2400621118012422,0.2527950310559006,0.663070293714,0.441693228061,0.562039666059,0.377528606252,11090,0.5071428571428571,0.3304347826086956,0.3843760460049034,0.5914897466229428,0.562039666059
3,Firm But Fair,2.2,0.5791925465838509,1.0,0.6869565217391305,0.3012422360248447,0.2779503105590062,0.2254658385093167,0.1953416149068323,0.719457460245,0.29716532193,0.711363201446,0.587153600076,11090,0.5791925465838509,0.6869565217391305,0.2840074170474965,0.5831479149769331,0.711363201446
4,Cycler DDC,2.19285714286,0.4149068322981366,3.0,0.3043478260869565,0.184472049689441,0.2304347826086956,0.2661490683229813,0.318944099378882,0.366087459074,0.369980265775,0.454414186449,0.459697693286,11090,0.4149068322981366,0.3043478260869565,0.5817443773420061,0.5779339241324071,0.454414186449
5,Soft Go By Majority: 20,2.12142857143,0.5562111801242235,1.0,0.7043478260869566,0.2891304347826087,0.2670807453416149,0.2127329192546584,0.231055900621118,0.644564808428,0.551762487688,0.563650510726,0.419168935097,11090,0.5562111801242235,0.7043478260869566,0.3897336407835532,0.5097397586509675,0.563650510726
