Rank,Name,Median_score,Cooperation_rating,Wins,Initial_C_rate,CC_rate,CD_rate,DC_rate,DD_rate,CC_to_C_rate,CD_to_C_rate,DC_to_C_rate,DD_to_C_rate,Noise_Level,coop_rate,first_move_c,provocability,retaliation_rate,forgiveness_rate
0,Firm But Fair,2.37173913043,0.4696353436185133,3.0,0.3612903225806451,0.2511220196353436,0.2185133239831697,0.2746143057503506,0.255750350631136,0.414294029595,0.598652150638,0.419363857312,0.47755664511,11091,0.4696353436185133,0.3612903225806451,0.5830577850855694,0.46664953628505423,0.419363857312
1,Hard Go By Majority: 5,2.34347826087,0.4957924263674614,3.0,0.6,0.2565217391304347,0.2392706872370266,0.2604488078541374,0.2437587657784011,0.47626005309,0.532027393742,0.446006317364,0.522909802505,11091,0.4957924263674614,0.6,0.5389817231561156,0.47257376002394247,0.446006317364
2,Soft Go By Majority: 20,2.32391304348,0.4849228611500701,3.0,0.3935483870967742,0.2491584852734923,0.2357643758765778,0.2688639551192146,0.2462131837307152,0.482114278954,0.53629429761,0.446244405542,0.48993936377,11091,0.4849228611500701,0.3935483870967742,0.5365028991509962,0.48738563440109267,0.446244405542
3,Math Constant Hunter,2.26304347826,0.5291023842917251,2.0,0.3741935483870968,0.2713884992987377,0.2577138849929873,0.2364656381486676,0.2344319775596073,0.538676677901,0.547546626162,0.517299816827,0.522483071131,11091,0.5291023842917251,0.3741935483870968,0.47127675699841015,0.46439231149383253,0.517299816827
4,Cycler DDC,2.2,0.5269985974754559,2.0,0.6129032258064516,0.2700561009817671,0.2569424964936886,0.2345021037868162,0.2384992987377279,0.518382103903,0.523922146801,0.522435636097,0.53771994269,11091,0.5269985974754559,0.6129032258064516,0.47973394729133834,0.46943577197911474,0.522435636097
5,"DoubleCrosser: ('D', 'D')",2.10434782609,0.5574333800841514,1.0,0.4258064516129032,0.276507713884993,0.2809256661991585,0.2142356241234221,0.2283309957924263,0.573593374573,0.569695913262,0.532254923424,0.560296039167,11091,0.5574333800841514,0.4258064516129032,0.44445306273197216,0.4345186268169479,0.532254923424
