Rank,Name,Median_score,Cooperation_rating,Wins,Initial_C_rate,CC_rate,CD_rate,DC_rate,DD_rate,CC_to_C_rate,CD_to_C_rate,DC_to_C_rate,DD_to_C_rate,Noise_Level,coop_rate,first_move_c,provocability,retaliation_rate,forgiveness_rate
0,Firm But Fair,2.52395833333,0.4516622340425532,5.0,0.3744680851063829,0.2462101063829787,0.2054521276595745,0.3066489361702127,0.241688829787234,0.389908191278,0.622292571662,0.381776199133,0.460445528497,11092,0.4516622340425532,0.3744680851063829,0.614602301538926,0.4651890643089702,0.381776199133
1,Soft Go By Majority: 20,2.478125,0.4563829787234043,4.0,0.3914893617021276,0.2453235815602837,0.2110593971631205,0.3015070921985815,0.2421099290780141,0.451110669869,0.505200516219,0.426208107838,0.456754988758,11092,0.4563829787234043,0.3914893617021276,0.56261990419454,0.5206819575905547,0.426208107838
2,Hard Go By Majority: 5,2.39583333333,0.4917331560283688,3.0,0.6297872340425532,0.2565602836879432,0.2351728723404255,0.2775265957446808,0.2307402482269503,0.468274109667,0.553690476507,0.431236575901,0.523351106543,11092,0.4917331560283688,0.6297872340425532,0.5509716367774291,0.46133488647916715,0.431236575901
3,Cycler DDC,2.240625,0.5398271276595744,2.0,0.5191489361702127,0.2804078014184397,0.2594193262411347,0.237854609929078,0.2223182624113475,0.532750226331,0.528396418095,0.544329248705,0.558160884497,11092,0.5398271276595744,0.5191489361702127,0.46193562433108654,0.45786750523595043,0.544329248705
4,Math Constant Hunter,2.0875,0.5938386524822695,1.0,0.425531914893617,0.2919991134751772,0.3018395390070921,0.2024379432624113,0.2037234042553191,0.596825389693,0.596022966604,0.587256417633,0.59522273326,11092,0.5938386524822695,0.425531914893617,0.4070924457454347,0.4042994982111352,0.587256417633
5,"DoubleCrosser: ('D', 'D')",2.06770833333,0.6048758865248227,0.0,0.4340425531914894,0.2955452127659574,0.3093306737588652,0.1962987588652482,0.198825354609929,0.614232316299,0.617660731084,0.594130413203,0.58643222667,11092,0.6048758865248227,0.4340425531914894,0.39379050975188645,0.39455799331838975,0.594130413203
