Rank,Name,Median_score,Cooperation_rating,Wins,Initial_C_rate,CC_rate,CD_rate,DC_rate,DD_rate,CC_to_C_rate,CD_to_C_rate,DC_to_C_rate,DD_to_C_rate,Noise_Level,coop_rate,first_move_c,provocability,retaliation_rate,forgiveness_rate
0,NMWE Stochastic: 47 players,2.5,0.390625,6.0,0.703125,0.1987499999999999,0.191875,0.3090625,0.3003125,0.399629631468,0.349061945162,0.379721276528,0.387591436531,11278,0.390625,0.703125,0.6124868996308678,0.6274289493106291,0.379721276528
1,Hard Tit For Tat,2.3875,0.3796875,6.0,0.640625,0.195625,0.1840625,0.2984375,0.3218749999999999,0.484936808612,0.319855066892,0.370416178729,0.320130076423,11278,0.3796875,0.640625,0.5842391569403498,0.6799699733693156,0.370416178729
2,Handshake,2.32,0.4125,4.5,0.671875,0.2075,0.205,0.2790625,0.3084375,0.459569742398,0.455304936627,0.354664072096,0.360898161503,11278,0.4125,0.671875,0.6005977358163135,0.6014080804438386,0.354664072096
3,Adaptive Pavlov 2011,2.26,0.446875,5.0,0.6875,0.22625,0.220625,0.274375,0.27875,0.567556979661,0.374452581209,0.460542438243,0.357214099364,11278,0.446875,0.6875,0.49109393629717973,0.6351699005217509,0.460542438243
4,Stochastic Cooperator,2.205,0.5040625,3.0,0.6796875,0.2481249999999999,0.2559375,0.2425,0.2534375,0.635871533172,0.426885914528,0.430472295055,0.491919939788,11278,0.5040625,0.6796875,0.4656506380246829,0.5407566655420246,0.430472295055
5,"ZD-Extort-2 v2: 0.125, 0.5, 1",2.1975,0.49375,3.0,0.671875,0.2525,0.24125,0.2425,0.26375,0.669180180478,0.503923605142,0.479732663591,0.302904900333,11278,0.49375,0.671875,0.42362996668381314,0.6010638867260668,0.479732663591
6,"Gradual Killer: ('D', 'D', 'D', 'D', 'D', 'C', 'C')",2.1275,0.531875,3.0,0.3359375,0.26875,0.263125,0.2134375,0.2546875,0.587723333946,0.586898073939,0.499269513789,0.481394705636,11278,0.531875,0.3359375,0.4514302364799436,0.46499404746531203,0.499269513789
7,Cycler CCCCCD,2.055,0.6284375,1.0,0.671875,0.3178125,0.310625,0.1796875,0.191875,0.616108798197,0.62732548283,0.627210253043,0.637599641238,11278,0.6284375,0.671875,0.3798815683002047,0.36875142434505476,0.627210253043
8,Cycle Hunter,1.985,0.65,1.0,0.7890625,0.3196875,0.3303125,0.16375,0.18625,0.668734183449,0.669996913355,0.575097760005,0.634663645574,11278,0.65,0.7890625,0.362982355584391,0.34274272826476765,0.575097760005
