Rank,Name,Median_score,Cooperation_rating,Wins,Initial_C_rate,CC_rate,CD_rate,DC_rate,DD_rate,CC_to_C_rate,CD_to_C_rate,DC_to_C_rate,DD_to_C_rate,Noise_Level,coop_rate,first_move_c,provocability,retaliation_rate,forgiveness_rate
0,Cycler CCCDCD,2.325,0.4508333333333333,2.0,0.4133333333333333,0.235,0.2158333333333333,0.2683333333333333,0.2808333333333334,0.465348245728,0.467004662005,0.49322789851,0.440387112222,13355,0.4508333333333333,0.4133333333333333,0.5197887605703377,0.5480458653051862,0.49322789851
1,Stochastic Cooperator,2.225,0.47,2.0,0.4233333333333333,0.2325,0.2375,0.2516666666666666,0.2783333333333334,0.403142792167,0.548231314785,0.491212829202,0.498280561931,13355,0.47,0.4233333333333333,0.5510789785996609,0.4787211108260436,0.491212829202
2,Nydegger,2.2,0.4733333333333333,2.0,0.4166666666666667,0.2375,0.2358333333333333,0.2425,0.2841666666666666,0.454164768475,0.501843768634,0.456605908234,0.54366031132,13355,0.4733333333333333,0.4166666666666667,0.5446019473759219,0.4753045630071442,0.456605908234
3,"Limited Retaliate 3: 0.05, 20",2.175,0.4683333333333333,2.0,0.4066666666666667,0.2216666666666666,0.2466666666666666,0.2625,0.2691666666666666,0.46696631919,0.556621156288,0.4957995338,0.437938827918,13355,0.4683333333333333,0.4066666666666667,0.5174012150575903,0.5053083947031309,0.4957995338
4,TF1,2.125,0.5108333333333334,1.0,0.43,0.2541666666666667,0.2566666666666666,0.22,0.2691666666666666,0.49263662912,0.538077155148,0.590941590709,0.52519391564,13355,0.5108333333333334,0.43,0.46175263298984887,0.4685175934432584,0.590941590709
5,Suspicious Tit For Tat,2.125,0.5325,2.0,0.5866666666666667,0.2608333333333333,0.2716666666666666,0.2191666666666666,0.2483333333333333,0.457088670563,0.557604524508,0.458125942685,0.566820015533,13355,0.5325,0.5866666666666667,0.5424377138674064,0.43799448779095834,0.458125942685
