Rank,Name,Median_score,Cooperation_rating,Wins,Initial_C_rate,CC_rate,CD_rate,DC_rate,DD_rate,CC_to_C_rate,CD_to_C_rate,DC_to_C_rate,DD_to_C_rate,Noise_Level,coop_rate,first_move_c,provocability,retaliation_rate,forgiveness_rate
0,Suspicious Tit For Tat,2.275,0.4950520833333333,2.0,0.340625,0.2505208333333333,0.24453125,0.2502604166666666,0.2546875,0.60533297765,0.412874732179,0.640833534827,0.372994394797,13359,0.4950520833333333,0.340625,0.3769259742755865,0.6074711050456196,0.640833534827
1,TF1,2.26666666667,0.45859375,2.0,0.578125,0.2432291666666666,0.2153645833333333,0.2544270833333333,0.2869791666666666,0.481822651727,0.433106541604,0.430562476438,0.443182573277,13359,0.45859375,0.578125,0.5443841464191815,0.5611372184252141,0.430562476438
2,"Limited Retaliate 3: 0.05, 20",2.25833333333,0.4518229166666667,2.0,0.590625,0.2296875,0.2221354166666667,0.2580729166666667,0.2901041666666666,0.481920053454,0.379327244391,0.45218621682,0.4392996057,13359,0.4518229166666667,0.590625,0.5338120512466376,0.5867077273943452,0.45218621682
3,Stochastic Cooperator,2.225,0.4979166666666667,2.0,0.6125,0.2559895833333333,0.2419270833333333,0.24375,0.2583333333333333,0.590005949437,0.420752999044,0.44418980378,0.487317952415,13359,0.4979166666666667,0.6125,0.4811164644947102,0.5448730115004914,0.44418980378
4,Cycler CCCDCD,2.175,0.5447916666666667,1.0,0.625,0.27265625,0.2721354166666667,0.2252604166666666,0.2299479166666667,0.52617255919,0.519657581849,0.542804587109,0.567812358308,13359,0.5447916666666667,0.625,0.4663030139533394,0.4582881299698293,0.542804587109
5,Nydegger,2.16666666667,0.5354166666666667,2.0,0.575,0.2739583333333333,0.2614583333333333,0.22578125,0.2388020833333333,0.591894499814,0.528246146041,0.487621969977,0.501470984048,13359,0.5354166666666667,0.575,0.45521560095133556,0.48453512597752213,0.487621969977
