Rank,Name,Median_score,Cooperation_rating,Wins,Initial_C_rate,CC_rate,CD_rate,DC_rate,DD_rate,CC_to_C_rate,CD_to_C_rate,DC_to_C_rate,DD_to_C_rate,Noise_Level,coop_rate,first_move_c,provocability,retaliation_rate,forgiveness_rate
0,Nydegger,2.91954887218,0.3679914070891514,4.0,0.0857142857142857,0.2388829215896885,0.1291084854994629,0.3972073039742213,0.2348012889366272,0.303167161738,0.462862214123,0.460741919988,0.248374402743,13358,0.3679914070891514,0.0857142857142857,0.598435091553371,0.6755292722042374,0.460741919988
1,Cycler CCCDCD,2.77969924812,0.3668098818474758,5.0,0.1428571428571428,0.2412459720730397,0.125563909774436,0.3561761546723953,0.2770139634801289,0.165471078394,0.21328536853,0.479923444231,0.49449334372,13358,0.3668098818474758,0.1428571428571428,0.6470560620023517,0.5932153337071905,0.479923444231
2,Stochastic Cooperator,2.42781954887,0.5108485499462944,3.0,0.1285714285714285,0.2909774436090225,0.2198711063372717,0.2592910848549946,0.229860365198711,0.149569979821,0.724689014528,0.687704423397,0.561015712906,13358,0.5108485499462944,0.1285714285714285,0.5968566165497858,0.3589653598381523,0.687704423397
3,"Limited Retaliate 3: 0.05, 20",2.18270676692,0.6320085929108485,1.0,0.0857142857142857,0.2705692803437164,0.3614393125671321,0.2543501611170784,0.113641245972073,0.778868050863,0.852978376572,0.382618714781,0.444496043941,13358,0.6320085929108485,0.0857142857142857,0.4131349014271935,0.24473229670939223,0.382618714781
4,Suspicious Tit For Tat,1.97744360902,0.5108485499462944,2.0,0.9285714285714286,0.2158968850698173,0.2949516648764769,0.2729323308270677,0.216219119226638,0.0897161739286,0.905844563999,0.09738986146,0.906079565181,13358,0.5108485499462944,0.9285714285714286,0.9059993083791813,0.09405603331569509,0.09738986146
5,TF1,1.41127819549,0.776047261009667,0.0,0.1428571428571428,0.2745435016111708,0.5015037593984963,0.0924812030075187,0.1314715359828142,0.762318871073,0.850357021926,0.561073148629,0.723418103705,13358,0.776047261009667,0.1428571428571428,0.28839010376583046,0.17600870620950038,0.561073148629
