Rank,Name,Median_score,Cooperation_rating,Wins,Initial_C_rate,CC_rate,CD_rate,DC_rate,DD_rate,CC_to_C_rate,CD_to_C_rate,DC_to_C_rate,DD_to_C_rate,Noise_Level,coop_rate,first_move_c,provocability,retaliation_rate,forgiveness_rate
0,TF1,2.53963963964,0.1708333333333333,5.0,0.9875,0.1007882882882882,0.070045045045045,0.3466216216216216,0.482545045045045,0.417992789988,0.237575501167,0.182192742097,0.0846469436354,13354,0.1708333333333333,0.9875,0.7646884452016546,0.8959681852040834,0.182192742097
1,"Limited Retaliate 3: 0.05, 20",2.42612612613,0.2024774774774775,4.0,0.975,0.1426801801801802,0.0597972972972972,0.3011261261261261,0.4963963963963963,0.572773855209,0.0518840031838,0.0994625164167,0.0857254637862,13354,0.2024774774774775,0.975,0.7483716712895054,0.9179128872119523,0.0994625164167
2,Stochastic Cooperator,2.17387387387,0.5051801801801802,2.0,0.95,0.2951576576576576,0.2100225225225225,0.1963963963963964,0.2984234234234234,0.89878185372,0.273693105224,0.275784404556,0.426569032995,13354,0.5051801801801802,0.95,0.3501316746515959,0.6365790523411938,0.275784404556
3,Suspicious Tit For Tat,2.09189189189,0.4635135135135135,3.0,0.0375,0.3076576576576576,0.1558558558558558,0.1552927927927928,0.3811936936936936,0.936731412508,0.0436814385681,0.949555341886,0.0558737556694,13354,0.4635135135135135,0.0375,0.058966909405825864,0.9476645473014952,0.949555341886
4,Cycler CCCDCD,1.96576576577,0.6634009009009009,1.0,0.9,0.3003378378378378,0.363063063063063,0.1814189189189189,0.1551801801801801,0.557395084533,0.506855897425,0.916032944158,0.875272458221,13354,0.6634009009009009,0.9,0.3075498449069545,0.3828272792858023,0.916032944158
5,Nydegger,1.88648648649,0.9137387387387388,0.0,0.975,0.5461711711711711,0.3675675675675675,0.0454954954954954,0.0407657657657657,0.943824202542,0.881106952208,0.79831790652,0.591415876707,13354,0.9137387387387388,0.975,0.06736432878515801,0.14781421969805683,0.79831790652
