Rank,Name,Median_score,Cooperation_rating,Wins,Initial_C_rate,CC_rate,CD_rate,DC_rate,DD_rate,CC_to_C_rate,CD_to_C_rate,DC_to_C_rate,DD_to_C_rate,Noise_Level,coop_rate,first_move_c,provocability,retaliation_rate,forgiveness_rate
0,"Limited Retaliate 3: 0.05, 20",2.53333333333,0.3018136335209506,5.0,0.7951219512195122,0.1503439649781113,0.1514696685428393,0.3417135709818636,0.3564727954971857,0.382240379453,0.263109789501,0.281662909896,0.261989522992,13357,0.3018136335209506,0.7951219512195122,0.6876065058621307,0.7376764108315905,0.281662909896
1,TF1,2.47179487179,0.3550969355847405,4.0,0.7463414634146341,0.1847404627892432,0.1703564727954972,0.3144465290806754,0.3304565353345841,0.423786174403,0.348270552286,0.336692276456,0.314289985994,13357,0.3550969355847405,0.7463414634146341,0.6310757798537673,0.6741511900075724,0.336692276456
2,Stochastic Cooperator,2.19487179487,0.4855534709193246,2.0,0.7560975609756098,0.2363977485928705,0.249155722326454,0.2425265791119449,0.2719199499687305,0.726530301552,0.35079118586,0.382508673439,0.460078397342,13357,0.4855534709193246,0.7560975609756098,0.4476817477849306,0.5921779937458886,0.382508673439
3,Suspicious Tit For Tat,2.15384615385,0.4724202626641651,2.0,0.2585365853658536,0.2323952470293933,0.2400250156347717,0.2326454033771107,0.2949343339587241,0.750784370066,0.225340123978,0.76349086753,0.246061124149,13357,0.4724202626641651,0.2585365853658536,0.24285896363947612,0.7632359530846098,0.76349086753
4,Cycler CCCDCD,2.02051282051,0.5953721075672295,1.0,0.775609756097561,0.2846779237023139,0.3106941838649156,0.1913696060037523,0.2132582864290181,0.557286241099,0.542637033182,0.622408215448,0.661721258092,13357,0.5953721075672295,0.775609756097561,0.416534930536846,0.40889349833589217,0.622408215448
5,Nydegger,1.91282051282,0.6699186991869919,0.0,0.7219512195121951,0.3135709818636648,0.3563477173233271,0.1553470919324577,0.1747342088805503,0.723820613378,0.677409864944,0.585030828205,0.602977107485,13357,0.6699186991869919,0.7219512195121951,0.322158824654773,0.34707966924587824,0.585030828205
