Rank,Name,Median_score,Cooperation_rating,Wins,Initial_C_rate,CC_rate,CD_rate,DC_rate,DD_rate,CC_to_C_rate,CD_to_C_rate,DC_to_C_rate,DD_to_C_rate,Noise_Level,coop_rate,first_move_c,provocability,retaliation_rate,forgiveness_rate
0,"Limited Retaliate 3: 0.05, 20",2.5027027027,0.1754798276537407,4.0,0.9043478260869564,0.0977673325499412,0.0777124951037994,0.345319232275754,0.4792009400705053,0.455292683297,0.0918106487661,0.134378491729,0.121165038607,13363,0.1754798276537407,0.9043478260869564,0.7948115876421344,0.8829311148213547,0.134378491729
1,TF1,2.4990990991,0.2148061104582843,5.0,0.9304347826086956,0.1231492361927144,0.0916568742655699,0.3391304347826086,0.4460634547591069,0.429482028967,0.254919356637,0.206975062129,0.125315864234,13363,0.2148061104582843,0.9304347826086956,0.7337500773610296,0.852592631379125,0.206975062129
2,Stochastic Cooperator,2.15315315315,0.4821778300039169,2.0,0.9217391304347826,0.2597728162945554,0.2224050137093615,0.2144144144144144,0.3034077555816686,0.839831470367,0.278974769546,0.312851510513,0.424214934414,13363,0.4821778300039169,0.9217391304347826,0.3984543631238967,0.6372178468822235,0.312851510513
3,Suspicious Tit For Tat,2.0972972973,0.4661182922052487,2.0,0.0695652173913043,0.2840579710144927,0.1820603211907559,0.1773599686643165,0.3565217391304348,0.931404092574,0.0827006990026,0.92087410363,0.0816070911385,13363,0.4661182922052487,0.0695652173913043,0.07264342779428794,0.9180232296358755,0.92087410363
4,Cycler CCCDCD,1.92972972973,0.6474735605170387,1.0,0.9391304347826088,0.2841363102232668,0.3633372502937721,0.1830003916960438,0.1695260477869173,0.547965617222,0.50977355956,0.874744864702,0.841483894353,13363,0.6474735605170387,0.9391304347826088,0.3240189002837388,0.38469554298453806,0.874744864702
5,Nydegger,1.75675675676,0.8470035252643948,0.0,0.9130434782608696,0.4509988249118684,0.3960047003525264,0.0739522130826478,0.0790442616529573,0.902905212587,0.836004039113,0.665583799488,0.614187354571,13363,0.8470035252643948,0.9130434782608696,0.1305273219549275,0.20090444286306824,0.665583799488
