Rank,Name,Median_score,Cooperation_rating,Wins,Initial_C_rate,CC_rate,CD_rate,DC_rate,DD_rate,CC_to_C_rate,CD_to_C_rate,DC_to_C_rate,DD_to_C_rate,Noise_Level,coop_rate,first_move_c,provocability,retaliation_rate,forgiveness_rate
0,TF1,2.5075,0.155625,5.0,0.961764705882353,0.0984007352941176,0.0572242647058823,0.3406985294117647,0.5036764705882353,0.448675248595,0.258502370148,0.157876133502,0.0632346437277,13361,0.155625,0.961764705882353,0.776956718547532,0.9168437349192244,0.157876133502
1,"Limited Retaliate 3: 0.05, 20",2.38625,0.2101286764705882,4.0,0.976470588235294,0.1580698529411764,0.0520588235294117,0.2798713235294118,0.51,0.598174860084,0.0445561405114,0.0856070445597,0.0803198376514,13361,0.2101286764705882,0.976470588235294,0.7293874716553163,0.9229926554902954,0.0856070445597
2,Stochastic Cooperator,2.15125,0.5089889705882353,2.0,0.9705882352941176,0.3024448529411764,0.2065441176470588,0.1901654411764705,0.3008455882352941,0.907218487999,0.243428035276,0.276486350318,0.418134716684,13361,0.5089889705882353,0.9705882352941176,0.33626699466052473,0.6529834730232782,0.276486350318
3,Suspicious Tit For Tat,2.06125,0.4573897058823529,3.0,0.0264705882352941,0.311672794117647,0.1457169117647058,0.1456617647058823,0.3969485294117647,0.962820504166,0.0335863591119,0.967614792643,0.0312789880439,13361,0.4573897058823529,0.0264705882352941,0.03565250753496277,0.9681014350293011,0.967614792643
4,Nydegger,1.96,0.9303860294117648,0.0,0.9823529411764704,0.5795404411764706,0.3508455882352941,0.0388786764705882,0.030735294117647,0.958848255556,0.879199128533,0.761737561898,0.617544047513,13361,0.9303860294117648,0.9823529411764704,0.05354366873764101,0.14187647101731507,0.761737561898
5,Cycler CCCDCD,1.95375,0.6588419117647059,1.0,0.961764705882353,0.2905698529411764,0.3682720588235294,0.1853860294117647,0.1557720588235294,0.541482477326,0.495680877376,0.94699620296,0.91465693933,13361,0.6588419117647059,0.961764705882353,0.3005688928648354,0.37977853229854064,0.94699620296
