Rank,Name,Median_score,Cooperation_rating,Wins,Initial_C_rate,CC_rate,CD_rate,DC_rate,DD_rate,CC_to_C_rate,CD_to_C_rate,DC_to_C_rate,DD_to_C_rate,Noise_Level,coop_rate,first_move_c,provocability,retaliation_rate,forgiveness_rate
0,"Limited Retaliate 3: 0.05, 20",2.46557377049,0.2920883820384889,5.0,0.7623188405797101,0.1389878831076265,0.1531004989308624,0.3376415617327948,0.3702700562287162,0.303584036752,0.286012043181,0.287686239967,0.286604316252,13369,0.2920883820384889,0.7623188405797101,0.7076778711991447,0.713568940156446,0.287686239967
1,TF1,2.42950819672,0.335471608458066,4.0,0.7507246376811594,0.1645363110794329,0.170935297378633,0.3175576146353053,0.3469707769066286,0.3765920514,0.342493544874,0.334249690285,0.303332801233,13369,0.335471608458066,0.7507246376811594,0.6512990678954179,0.6837421652672853,0.334249690285
2,Stochastic Cooperator,2.17049180328,0.4802090757899738,2.0,0.7275362318840579,0.2327076898709115,0.2475013859190623,0.2350677120456165,0.2847232121644096,0.709514188887,0.367269384556,0.387359896099,0.459602493031,13369,0.4802090757899738,0.7275362318840579,0.45237562451721586,0.5833353426046869,0.387359896099
3,Suspicious Tit For Tat,2.14316939891,0.4815237190148095,2.0,0.2753623188405797,0.234703413320662,0.2468203056941474,0.2305377365961828,0.2879385443890077,0.736984167469,0.254378464889,0.743058127496,0.26035544658,13369,0.4815237190148095,0.2753623188405797,0.26000604503251556,0.7424032556796663,0.743058127496
4,Cycler CCCDCD,2.01530054645,0.5830205116021224,1.0,0.7333333333333333,0.2645125524669359,0.3185079591351865,0.19847944880019,0.2185000395976875,0.546466117402,0.535967596256,0.644494940977,0.633152100093,13369,0.5830205116021224,0.7333333333333333,0.41151003161040717,0.4244895701423183,0.644494940977
5,Nydegger,1.89836065574,0.6451413637443574,0.0,0.7420289855072464,0.3010532984873683,0.344088065256989,0.1616694385047913,0.1931891977508513,0.700293947152,0.666240772108,0.542825317458,0.588959691421,13369,0.6451413637443574,0.7420289855072464,0.35472358907332546,0.36154724537790367,0.542825317458
