Rank,Name,Median_score,Cooperation_rating,Wins,Initial_C_rate,CC_rate,CD_rate,DC_rate,DD_rate,CC_to_C_rate,CD_to_C_rate,DC_to_C_rate,DD_to_C_rate,Noise_Level,coop_rate,first_move_c,provocability,retaliation_rate,forgiveness_rate
0,Nydegger,2.83033707865,0.3843648828794515,4.0,0.1457627118644067,0.2391163587888021,0.1452485240906494,0.374880975052371,0.2407541420681775,0.332602448568,0.440793023979,0.462956249961,0.288022829339,13365,0.3843648828794515,0.1457627118644067,0.5878089970936977,0.6544914400122616,0.462956249961
1,Cycler CCCDCD,2.79662921348,0.3773757379546753,5.0,0.1627118644067796,0.2440677966101695,0.1333079413445058,0.3598171776804418,0.2628070843648829,0.208769503205,0.242257866516,0.472627162723,0.485054322127,13365,0.3773757379546753,0.1627118644067796,0.6340142678787878,0.5966560235113172,0.472627162723
2,Suspicious Tit For Tat,2.5191011236,0.47840411350219,2.0,0.8745762711864407,0.2342982289087793,0.2441058845934107,0.2991239763854504,0.2224719101123595,0.129973885988,0.870018834038,0.133201975478,0.869149609559,13365,0.47840411350219,0.8745762711864407,0.8682159175957405,0.1303956263850073,0.133201975478
3,Stochastic Cooperator,2.40337078652,0.5092553799276328,3.0,0.1898305084745762,0.286155018091792,0.2231003618358407,0.2612073890687488,0.2295372310036184,0.182833572758,0.699437081256,0.668139301387,0.560791286978,13365,0.5092553799276328,0.1898305084745762,0.5855731708967435,0.37087164301330056,0.668139301387
4,"Limited Retaliate 3: 0.05, 20",1.96741573034,0.6960769377261474,1.0,0.135593220338983,0.301599695296134,0.3944772424300133,0.1757950866501618,0.1281279756236907,0.777195301593,0.821801300808,0.47369747079,0.555577183056,13365,0.6960769377261474,0.135593220338983,0.3345642514683728,0.24346930134328112,0.47369747079
5,TF1,1.70224719101,0.7462007236716816,1.0,0.1254237288135593,0.3026471148352695,0.4435536088364121,0.1129689582936583,0.1408303180346601,0.737960724968,0.813382548026,0.587656799831,0.71260946228,13365,0.7462007236716816,0.1254237288135593,0.3028935127479404,0.2109026950520053,0.587656799831
