Rank,Name,Median_score,Cooperation_rating,Wins,Initial_C_rate,CC_rate,CD_rate,DC_rate,DD_rate,CC_to_C_rate,CD_to_C_rate,DC_to_C_rate,DD_to_C_rate,Noise_Level,coop_rate,first_move_c,provocability,retaliation_rate,forgiveness_rate
0,"Limited Retaliate 3: 0.05, 20",2.40952380952,0.4023809523809524,4.0,0.55,0.2063492063492063,0.196031746031746,0.2968253968253968,0.3007936507936508,0.422907004921,0.359957518413,0.396932316052,0.391138076236,13367,0.4023809523809524,0.55,0.5924156033392619,0.6211647956206789,0.396932316052
1,TF1,2.27142857143,0.4365079365079365,3.0,0.6,0.2158730158730158,0.2206349206349206,0.2746031746031746,0.2888888888888888,0.446149787737,0.440819642224,0.429007441427,0.410815259817,13367,0.4365079365079365,0.6,0.563447707122644,0.576192188299595,0.429007441427
2,Suspicious Tit For Tat,2.25714285714,0.4873015873015873,2.0,0.3333333333333333,0.2269841269841269,0.2603174603174604,0.2579365079365079,0.2547619047619047,0.644751301681,0.387473515476,0.601137752054,0.35663741414,13367,0.4873015873015873,0.3333333333333333,0.3784473949291064,0.6277782388057505,0.601137752054
3,Stochastic Cooperator,2.23333333333,0.5023809523809524,2.0,0.55,0.2468253968253968,0.2555555555555555,0.2412698412698412,0.2563492063492063,0.596029874214,0.439118023944,0.456694453088,0.495561540715,13367,0.5023809523809524,0.55,0.47284487053771385,0.5326164630063364,0.456694453088
4,Cycler CCCDCD,2.20952380952,0.5365079365079365,2.0,0.7166666666666667,0.2555555555555555,0.2809523809523809,0.2317460317460317,0.2317460317460317,0.494950329859,0.534510798855,0.498113888208,0.587604594661,13367,0.5365079365079365,0.7166666666666667,0.5035451765939185,0.4414901479323808,0.498113888208
5,Nydegger,2.11428571429,0.55,1.0,0.6166666666666667,0.2531746031746031,0.2968253968253967,0.2079365079365079,0.242063492063492,0.552834545764,0.539685811905,0.546275106978,0.55136490895,13367,0.55,0.6166666666666667,0.45012341114121857,0.4550680546653608,0.546275106978
