Rank,Name,Median_score,Cooperation_rating,Wins,Initial_C_rate,CC_rate,CD_rate,DC_rate,DD_rate,CC_to_C_rate,CD_to_C_rate,DC_to_C_rate,DD_to_C_rate,Noise_Level,coop_rate,first_move_c,provocability,retaliation_rate,forgiveness_rate
0,Cycler CCCDCD,2.64776119403,0.4096185737976783,4.5,0.2,0.2388059701492537,0.1708126036484245,0.3290215588723051,0.2613598673300165,0.334987284926,0.350643123118,0.458675657418,0.465900260717,13360,0.4096185737976783,0.2,0.5933428169945233,0.5796541720255058,0.458675657418
1,Nydegger,2.61641791045,0.4174682144831398,4.0,0.2814814814814815,0.2399115533443891,0.1775566611387506,0.3279712548369264,0.2545605306799336,0.381262656148,0.440239893986,0.468917215953,0.372407898923,13360,0.4174682144831398,0.2814814814814815,0.5681139131771178,0.5997199802963481,0.468917215953
2,Suspicious Tit For Tat,2.4328358209,0.4855721393034826,2.5,0.7518518518518519,0.2524599226091763,0.2331122166943062,0.2849640685461581,0.2294637921503593,0.246539409716,0.750826484175,0.246785712427,0.762145380254,13360,0.4855721393034826,0.7518518518518519,0.753329990564271,0.24355870492347884,0.246785712427
3,Stochastic Cooperator,2.34328358209,0.5084577114427861,2.0,0.2629629629629629,0.2725815367606412,0.2358761746821448,0.2557766721945826,0.2357656163626313,0.288527616459,0.641780437982,0.62590313648,0.522864265958,13360,0.5084577114427861,0.2629629629629629,0.5481498755751947,0.4176637103633306,0.62590313648
4,TF1,1.9328358209,0.6655058043117744,1.0,0.2962962962962963,0.3125483692647872,0.3529574350469873,0.1598120508568269,0.1746821448313986,0.667352532819,0.710865749356,0.615658577272,0.650346754964,13360,0.6655058043117744,0.2962962962962963,0.35013690258022495,0.30916987372191723,0.615658577272
5,"Limited Retaliate 3: 0.05, 20",1.90895522388,0.6643449419568822,1.0,0.2555555555555555,0.3113322277501382,0.353012714206744,0.1657822001105583,0.1698728579325594,0.69720881159,0.741697423723,0.568995707687,0.585872235155,13360,0.6643449419568822,0.2555555555555555,0.347341194041456,0.3089264059069254,0.568995707687
