Rank,Name,Median_score,Cooperation_rating,Wins,Initial_C_rate,CC_rate,CD_rate,DC_rate,DD_rate,CC_to_C_rate,CD_to_C_rate,DC_to_C_rate,DD_to_C_rate,Noise_Level,coop_rate,first_move_c,provocability,retaliation_rate,forgiveness_rate
0,"Limited Retaliate 3: 0.05, 20",2.38571428571,0.401622187336473,4.0,0.6153846153846154,0.2015175300889586,0.2001046572475144,0.2971742543171115,0.3012035583464155,0.408057641657,0.376015315777,0.390567492565,0.406826525297,13366,0.401622187336473,0.6153846153846154,0.602364872161832,0.6054722288997099,0.390567492565
1,TF1,2.37142857143,0.4240188383045526,4.0,0.6102564102564103,0.2140763997906855,0.209942438513867,0.2878597592883307,0.2881214024071166,0.445021028015,0.412317816957,0.432086566084,0.39527452141,13366,0.4240188383045526,0.6102564102564103,0.5623968697208666,0.597541437642893,0.432086566084
2,Stochastic Cooperator,2.23265306122,0.4937728937728938,2.0,0.6435897435897436,0.2448979591836734,0.2488749345892203,0.2436944008372579,0.2625327053898482,0.619808787955,0.433503119333,0.429809848106,0.482419191821,13366,0.4937728937728938,0.6435897435897436,0.4749566680669335,0.5413856624461574,0.429809848106
3,Suspicious Tit For Tat,2.18571428571,0.5001046572475144,2.0,0.3692307692307692,0.2461538461538461,0.2539508110936682,0.2387231815803244,0.2611721611721612,0.625640165583,0.378917915366,0.630781967823,0.389579534396,13366,0.5001046572475144,0.3692307692307692,0.3718283319543538,0.6156765441444906,0.630781967823
4,Cycler CCCDCD,2.11632653061,0.54850863422292,1.0,0.6487179487179487,0.2624280481423339,0.286080586080586,0.2196755625327054,0.2318158032443746,0.53410776726,0.539304263825,0.557928632295,0.553746632438,13366,0.54850863422292,0.6487179487179487,0.4550380059499284,0.4542311819711412,0.557928632295
5,Nydegger,2.0612244898,0.5630559916274201,1.0,0.6641025641025641,0.2666143380429094,0.2964416535845107,0.2082679225536368,0.2286760858189429,0.598535958432,0.563190787065,0.517672736212,0.555115980888,13366,0.5630559916274201,0.6641025641025641,0.4369280222220606,0.4403255958939924,0.517672736212
