Rank,Name,Median_score,Cooperation_rating,Wins,Initial_C_rate,CC_rate,CD_rate,DC_rate,DD_rate,CC_to_C_rate,CD_to_C_rate,DC_to_C_rate,DD_to_C_rate,Noise_Level,coop_rate,first_move_c,provocability,retaliation_rate,forgiveness_rate
0,TF1,2.26349206349,0.497791580400276,2.0,0.4260869565217391,0.2494133885438233,0.2483781918564527,0.2507936507936508,0.2514147688060731,0.49952240466,0.49274434479,0.502900766915,0.498554473707,13364,0.497791580400276,0.4260869565217391,0.49878375311667356,0.5043329405393799,0.502900766915
1,Stochastic Cooperator,2.26031746032,0.50351966873706,2.0,0.6260869565217392,0.2554175293305728,0.2481021394064872,0.2478260869565217,0.2486542443064182,0.497547079901,0.512602416412,0.506590471114,0.493686942364,13364,0.50351966873706,0.6260869565217392,0.4979994343823402,0.49686583212855906,0.506590471114
2,Cycler CCCDCD,2.25555555556,0.4942028985507246,3.0,0.5217391304347826,0.2424430641821946,0.25175983436853,0.250103519668737,0.2556935817805383,0.498003524876,0.488538465362,0.494253069386,0.495018371922,13364,0.4942028985507246,0.5217391304347826,0.5039008678234199,0.5081964654411008,0.494253069386
3,"Limited Retaliate 3: 0.05, 20",2.24920634921,0.5027605244996549,2.0,0.5043478260869565,0.2527950310559006,0.2499654934437543,0.2450655624568668,0.2521739130434782,0.496684553997,0.511170773496,0.490705357749,0.511607191021,13364,0.5027605244996549,0.5043478260869565,0.5062586295179222,0.48861005805480406,0.490705357749
4,Nydegger,2.24126984127,0.4993098688750862,2.0,0.5217391304347826,0.2489302967563837,0.2503795721187025,0.2501725327812285,0.2505175983436853,0.501996640866,0.49164455181,0.496789429507,0.506767772265,13364,0.4993098688750862,0.5217391304347826,0.500613445026751,0.5007917543002713,0.496789429507
5,Suspicious Tit For Tat,2.24126984127,0.4970324361628709,3.0,0.4869565217391304,0.2514837819185645,0.2455486542443064,0.2501725327812284,0.2527950310559006,0.497345785741,0.509037841183,0.49082319399,0.491264071997,13364,0.4970324361628709,0.4869565217391304,0.5059069856302167,0.4999782669084441,0.49082319399
