Rank,Name,Median_score,Cooperation_rating,Wins,Initial_C_rate,CC_rate,CD_rate,DC_rate,DD_rate,CC_to_C_rate,CD_to_C_rate,DC_to_C_rate,DD_to_C_rate,Noise_Level,coop_rate,first_move_c,provocability,retaliation_rate,forgiveness_rate
0,TF1,2.50154639175,0.184803360061092,5.0,0.9296296296296296,0.1024818633066055,0.0823214967544864,0.3465063001145475,0.4686903398243604,0.403198421601,0.257531574868,0.178510742156,0.112582808373,13368,0.184803360061092,0.9296296296296296,0.7702041373719889,0.865761759531981,0.178510742156
1,"Limited Retaliate 3: 0.05, 20",2.48298969072,0.1694730813287514,4.0,0.9222222222222224,0.0955899198167239,0.0738831615120274,0.3419625811378388,0.4885643375334097,0.415507986731,0.0963695041743,0.132526368515,0.120878378258,13368,0.1694730813287514,0.9222222222222224,0.8056520440506656,0.8823411099706384,0.132526368515
2,Stochastic Cooperator,2.14226804124,0.4868461244749904,2.0,0.9222222222222224,0.2617411225658648,0.2251050019091256,0.2093547155402824,0.3037991599847269,0.874827580677,0.269700507419,0.300481946765,0.437165512104,13368,0.4868461244749904,0.9222222222222224,0.38041128386664524,0.6341086674455537,0.300481946765
3,Suspicious Tit For Tat,2.07474226804,0.4539709812905689,2.0,0.0592592592592592,0.2736349751813668,0.180336006109202,0.176479572355861,0.3695494463535701,0.923198751822,0.0767788121648,0.91965752839,0.0770465612866,13368,0.4539709812905689,0.0592592592592592,0.07818968052331148,0.9230412475598578,0.91965752839
4,Cycler CCCDCD,1.9412371134,0.6429553264604811,1.0,0.9185185185185184,0.2820542191676212,0.3609011072928598,0.1831996945399007,0.1738449789996182,0.537511307647,0.505834339955,0.876387699596,0.832023279472,13368,0.6429553264604811,0.9185185185185184,0.3290517675625772,0.3881222297257638,0.876387699596
5,Nydegger,1.77835051546,0.8529973272241314,0.0,0.9481481481481482,0.4456662848415426,0.4073310423825888,0.0723749522718594,0.0746277205040091,0.906243801905,0.832922599374,0.655922744196,0.606193759452,13368,0.8529973272241314,0.9481481481481482,0.1287282684754982,0.20218467078861027,0.655922744196
