Rank,Name,Median_score,Cooperation_rating,Wins,Initial_C_rate,CC_rate,CD_rate,DC_rate,DD_rate,CC_to_C_rate,CD_to_C_rate,DC_to_C_rate,DD_to_C_rate,Noise_Level,coop_rate,first_move_c,provocability,retaliation_rate,forgiveness_rate
0,"Limited Retaliate 3: 0.05, 20",2.43275862069,0.3407905803195963,5.0,0.7073170731707317,0.1658957106812447,0.1748948696383515,0.3200588730025231,0.3391505466778805,0.356812529588,0.317161229372,0.341828170792,0.338561434762,13362,0.3407905803195963,0.7073170731707317,0.6530564523085347,0.6687196069769569,0.341828170792
1,TF1,2.38620689655,0.3731286795626577,4.0,0.6829268292682927,0.1842724978973927,0.1888561816652649,0.3050883095037847,0.3217830109335576,0.393305548592,0.3777335344,0.384924554064,0.338574942937,13362,0.3731286795626577,0.6829268292682927,0.6119195193207472,0.6469425375653197,0.384924554064
2,Stochastic Cooperator,2.18793103448,0.4888561816652649,2.0,0.6926829268292682,0.24121110176619,0.2476450798990748,0.2368797308662741,0.2742640874684608,0.666269013311,0.396006306867,0.413685302653,0.469107687923,13362,0.4888561816652649,0.6926829268292682,0.4588786726892211,0.5655788025321433,0.413685302653
3,Suspicious Tit For Tat,2.13965517241,0.4923044575273338,2.0,0.2585365853658536,0.2374264087468461,0.2548780487804878,0.2327165685449958,0.2749789739276703,0.691639341035,0.323182150585,0.690540549695,0.321903000341,13362,0.4923044575273338,0.2585365853658536,0.3089045508501127,0.6774816877836919,0.690540549695
4,Cycler CCCDCD,2.08275862069,0.5634566862910009,1.0,0.7170731707317073,0.2638772077375946,0.2995794785534062,0.2078216989066442,0.2287216148023549,0.526575583741,0.536353371996,0.609636587588,0.59136450194,13362,0.5634566862910009,0.7170731707317073,0.43682929447849955,0.43983021983991366,0.609636587588
5,Nydegger,1.98793103448,0.6038687973086627,0.0,0.6439024390243903,0.2828427249789739,0.3210260723296888,0.1843145500420521,0.2118166526492851,0.652709865908,0.627435967077,0.52776089008,0.563107160641,13362,0.6038687973086627,0.6439024390243903,0.39658812320480263,0.39813614230806293,0.52776089008
