Rank,Name,Median_score,Cooperation_rating,Wins,Initial_C_rate,CC_rate,CD_rate,DC_rate,DD_rate,CC_to_C_rate,CD_to_C_rate,DC_to_C_rate,DD_to_C_rate,Noise_Level,coop_rate,first_move_c,provocability,retaliation_rate,forgiveness_rate
0,Nydegger,2.58934010152,0.4268112598061837,4.0,0.3045454545454545,0.243354868481772,0.1834563913244116,0.3206968158744808,0.2524919243193355,0.395993848941,0.43312734833,0.481600897685,0.382630298687,13371,0.4268112598061837,0.3045454545454545,0.5553334696185659,0.5961194609344939,0.481600897685
1,Cycler CCCDCD,2.58020304569,0.4287263497923396,5.0,0.2818181818181818,0.2437009690816797,0.1850253807106599,0.3195200738347946,0.2517535763728657,0.37639597563,0.391602892044,0.463952711594,0.466909585812,13371,0.4287263497923396,0.2818181818181818,0.5739323455650237,0.5649913321661083,0.463952711594
2,Suspicious Tit For Tat,2.40609137056,0.4826488232579603,2.0,0.7045454545454546,0.2586063682510383,0.224042455006922,0.2783110290724503,0.2390401476695893,0.276570424344,0.717592451013,0.282624574753,0.713422962284,13371,0.4826488232579603,0.7045454545454546,0.7202914079622587,0.28455981123076884,0.282624574753
3,Stochastic Cooperator,2.3538071066,0.5098754037840332,2.0,0.3045454545454545,0.2759344716197508,0.2339409321642824,0.2582141209044762,0.2319104753114905,0.315446747703,0.612382726429,0.605236084044,0.535891520481,13371,0.5098754037840332,0.3045454545454545,0.5444654569193701,0.42569617951371164,0.605236084044
4,TF1,2.00456852792,0.6414859252422704,1.0,0.2772727272727273,0.3136594370096908,0.3278264882325795,0.1760729118597139,0.1824411628980156,0.64356434766,0.667930337421,0.60402145127,0.632266583384,13371,0.6414859252422704,0.2772727272727273,0.3706524647005225,0.3448208858740739,0.60402145127
5,"Limited Retaliate 3: 0.05, 20",1.91675126904,0.6792108906322104,0.0,0.2727272727272727,0.3247346562067374,0.354476234425473,0.1559529303184125,0.164836179049377,0.688063867157,0.69486669241,0.659130390725,0.662438586294,13371,0.6792108906322104,0.2727272727272727,0.32132322866231977,0.315426389302032,0.659130390725
