Rank,Name,Median_score,Cooperation_rating,Wins,Initial_C_rate,CC_rate,CD_rate,DC_rate,DD_rate,CC_to_C_rate,CD_to_C_rate,DC_to_C_rate,DD_to_C_rate,Noise_Level,coop_rate,first_move_c,provocability,retaliation_rate,forgiveness_rate
0,"Limited Retaliate 3: 0.05, 20",2.30294117647,0.4974264705882353,2.0,0.5083333333333333,0.2485294117647059,0.2488970588235294,0.2602941176470588,0.2422794117647058,0.500948938079,0.506883493561,0.498406506267,0.482507757735,13372,0.4974264705882353,0.5083333333333333,0.5003516701022832,0.5051401665507769,0.498406506267
1,Stochastic Cooperator,2.26617647059,0.5044117647058823,2.0,0.5333333333333333,0.2550245098039216,0.2493872549019607,0.2486519607843137,0.2469362745098039,0.510382339977,0.497466634169,0.517020626029,0.491473707377,13372,0.5044117647058823,0.5333333333333333,0.48634051102068665,0.5055150318768964,0.517020626029
2,Nydegger,2.24411764706,0.5067401960784313,3.0,0.45,0.2551470588235294,0.2515931372549019,0.2519607843137255,0.2412990196078431,0.496769977567,0.509025429952,0.515249419032,0.509604706615,13372,0.5067401960784313,0.45,0.4940483569781812,0.4906909808512205,0.515249419032
3,Cycler CCCDCD,2.24411764706,0.5053921568627451,2.0,0.5833333333333334,0.253063725490196,0.252328431372549,0.2481617647058824,0.2464460784313725,0.504335251234,0.500470495234,0.504940294619,0.50768961736,13372,0.5053921568627451,0.5833333333333334,0.49536518572085936,0.4959625134649224,0.504940294619
4,TF1,2.24117647059,0.4973039215686274,2.0,0.4666666666666667,0.2454656862745098,0.2518382352941176,0.2514705882352941,0.2512254901960784,0.483559960781,0.495577326033,0.515419769148,0.495719731798,13372,0.4973039215686274,0.4666666666666667,0.5003176405089915,0.504351557811519,0.515419769148
5,Suspicious Tit For Tat,2.225,0.5071078431372549,2.0,0.4833333333333333,0.2540441176470588,0.253063725490196,0.2465686274509804,0.2463235294117647,0.50357097523,0.511104931421,0.511243465062,0.502309944618,13372,0.5071078431372549,0.4833333333333333,0.49265006527379823,0.4932332093088233,0.511243465062
