Rank,Name,Median_score,Cooperation_rating,Wins,Initial_C_rate,CC_rate,CD_rate,DC_rate,DD_rate,CC_to_C_rate,CD_to_C_rate,DC_to_C_rate,DD_to_C_rate,Noise_Level,coop_rate,first_move_c,provocability,retaliation_rate,forgiveness_rate
0,Nydegger,2.97788944724,0.3405599425699928,4.0,0.0857142857142857,0.2215362526920315,0.1190236898779612,0.4166068437425221,0.242833213687485,0.266534728778,0.455361455698,0.445800270159,0.19891084805,13373,0.3405599425699928,0.0857142857142857,0.6164331324998157,0.7167362011206684,0.445800270159
1,Cycler CCCDCD,2.85829145729,0.3556831777937305,5.0,0.0285714285714285,0.2480019143335726,0.1076812634601579,0.3651591289782244,0.2791576932280449,0.111196575175,0.167177957055,0.502554345106,0.492029739396,13373,0.3556831777937305,0.0285714285714285,0.6557360048614088,0.5983966505912881,0.502554345106
2,"Limited Retaliate 3: 0.05, 20",2.63216080402,0.5161043311797081,2.0,0.019047619047619,0.2075137592725532,0.3085905719071548,0.3588896865278774,0.1250059822924144,0.690541535247,0.882062090785,0.296223411835,0.292365450833,13373,0.5161043311797081,0.019047619047619,0.5593098891270252,0.28794758068902027,0.296223411835
3,Stochastic Cooperator,2.42512562814,0.510361330461833,2.0,0.0380952380952381,0.279923426657095,0.230437903804738,0.2448911222780569,0.24474754726011,0.124315005386,0.725133721172,0.705578194989,0.56118576452,13373,0.510361330461833,0.0380952380952381,0.604453575573461,0.3593088058013435,0.705578194989
4,Suspicious Tit For Tat,1.92663316583,0.5481694185211773,1.0,0.923809523809524,0.2064608758076095,0.3417085427135678,0.2406795884182818,0.2111509930605408,0.0709549320075,0.940306314328,0.0706403681422,0.927601343727,13373,0.5481694185211773,0.923809523809524,0.929214386378307,0.06454603420832374,0.0706403681422
5,TF1,1.06934673367,0.8110552763819096,0.0,0.0571428571428571,0.2244556113902847,0.5865996649916247,0.0678152668102416,0.1211294568078487,0.787642843237,0.876006163945,0.530186076096,0.735592507223,13373,0.8110552763819096,0.0571428571428571,0.2720945464860714,0.14802595433761984,0.530186076096
