Rank,Name,Median_score,Cooperation_rating,Wins,Initial_C_rate,CC_rate,CD_rate,DC_rate,DD_rate,CC_to_C_rate,CD_to_C_rate,DC_to_C_rate,DD_to_C_rate,Noise_Level,coop_rate,first_move_c,provocability,retaliation_rate,forgiveness_rate
0,"Limited Retaliate 3: 0.05, 20",2.49644670051,0.2558375634517766,5.0,0.764102564102564,0.1225042301184433,0.1333333333333333,0.3457243264349863,0.398438110113237,0.278797079777,0.240481671128,0.245921578013,0.254045122844,13370,0.2558375634517766,0.764102564102564,0.74547709262127,0.7493556995414196,0.245921578013
1,TF1,2.43654822335,0.3043342444357673,4.0,0.7384615384615385,0.1500455551216972,0.15428868931407,0.3230248600806976,0.3726408954835351,0.362115622067,0.322494081133,0.302647634738,0.26659181462,13370,0.3043342444357673,0.7384615384615385,0.6784906759996682,0.7170396084793701,0.302647634738
2,Suspicious Tit For Tat,2.14314720812,0.4828842899908889,2.0,0.2,0.2424834049199531,0.2404008850709358,0.2240531042561499,0.293062605752961,0.783504588039,0.230492743982,0.778781535287,0.219259059813,13370,0.4828842899908889,0.2,0.21876364737202914,0.775678573852119,0.778781535287
3,Stochastic Cooperator,2.13908629442,0.4796824157230248,3.0,0.7589743589743589,0.2335806325654041,0.2461017831576207,0.2315501757126122,0.2887674085643629,0.745245810352,0.354336428501,0.377373915574,0.448678312759,13370,0.4796824157230248,0.7589743589743589,0.437887193008774,0.5947298818083399,0.377373915574
4,Cycler CCCDCD,1.97766497462,0.5936483144604972,1.0,0.6974358974358974,0.265625406742158,0.3280229077183391,0.1946635428868931,0.2116881426526096,0.548286364251,0.519552711388,0.681980251283,0.674950195251,13370,0.5936483144604972,0.6974358974358974,0.3951723572044182,0.4194965174368726,0.681980251283
5,Nydegger,1.84974619289,0.6779903683456983,0.0,0.8153846153846154,0.3153455681374463,0.3626448002082519,0.1457763894312117,0.1762332422230899,0.739971058442,0.698654054349,0.550858885903,0.601685929873,13370,0.6779903683456983,0.8153846153846154,0.31981375392214134,0.333058143259933,0.550858885903
