Rank,Name,Median_score,Cooperation_rating,Wins,Initial_C_rate,CC_rate,CD_rate,DC_rate,DD_rate,CC_to_C_rate,CD_to_C_rate,DC_to_C_rate,DD_to_C_rate,Noise_Level,coop_rate,first_move_c,provocability,retaliation_rate,forgiveness_rate
0,Soft Go By Majority: 10,2.55182926829,0.4262117937635072,3.0,0.2278481012658227,0.2099027477616548,0.2163090460018524,0.3225532571781414,0.2512349490583513,0.43739503685,0.615684183776,0.286150792524,0.441562065287,2113,0.4262117937635072,0.2278481012658227,0.6542262861968006,0.47788040486315725,0.286150792524
1,Stochastic WSLS: 0.05,2.29573170732,0.497259956776783,2.0,0.2563291139240506,0.2543223217042297,0.2429376350725532,0.2581815375115777,0.2445585057116394,0.282793798271,0.72430975898,0.717421950837,0.274704208725,2113,0.497259956776783,0.2563291139240506,0.49825572426917014,0.5012404604599885,0.717421950837
2,Soft Go By Majority: 40,2.28963414634,0.479314603272615,2.0,0.2436708860759493,0.2237959246681074,0.2555186786045075,0.2790984871874035,0.2415869095399814,0.517886860433,0.64242243782,0.330251429486,0.452188218155,2113,0.479314603272615,0.2436708860759493,0.5862478519151471,0.450028941351097,0.330251429486
3,Evolved FSM 4,2.0487804878,0.5269373263352887,1.0,0.2753164556962025,0.242513121333745,0.2844242050015437,0.2158073479468972,0.2572553257178142,0.676786396486,0.439265967998,0.497896782779,0.522815139973,2113,0.5269373263352887,0.2753164556962025,0.40744657083039815,0.5210547230546254,0.497896782779
4,Meta Majority Finite Memory: 78 players,2.01524390244,0.5363538129052177,1.0,0.240506329113924,0.2318616857054646,0.304492127199753,0.2280410620561901,0.2356051250385921,0.338354453135,0.744669855027,0.278010649593,0.733323708688,2113,0.5363538129052177,0.240506329113924,0.6915667967709896,0.26027964289365696,0.278010649593
