Rank,Name,Median_score,Cooperation_rating,Wins,Initial_C_rate,CC_rate,CD_rate,DC_rate,DD_rate,CC_to_C_rate,CD_to_C_rate,DC_to_C_rate,DD_to_C_rate,Noise_Level,coop_rate,first_move_c,provocability,retaliation_rate,forgiveness_rate
0,Evolved FSM 4,2.70833333333,0.6369047619047619,1.0,0.7261904761904762,0.4464285714285714,0.1904761904761904,0.240079365079365,0.123015873015873,0.776474701246,0.258754117736,0.554440789474,0.474206349206,2114,0.6369047619047619,0.7261904761904762,0.30117299622339877,0.6567013357377975,0.554440789474
1,Soft Go By Majority: 10,2.58333333333,0.6825396825396826,1.0,0.7559523809523809,0.4305555555555555,0.251984126984127,0.2242063492063492,0.0932539682539682,0.684764757422,0.461111111111,0.808016304348,0.371428571429,2114,0.6825396825396826,0.7559523809523809,0.27303092499424847,0.5631134829410345,0.808016304348
2,Meta Majority Finite Memory: 78 players,2.58333333333,0.6091269841269841,1.0,0.7678571428571429,0.4007936507936508,0.2083333333333333,0.2361111111111111,0.1547619047619048,0.722916666667,0.18753869969,0.652665317139,0.265625,2114,0.6091269841269841,0.7678571428571429,0.30312666851627723,0.7791786149319673,0.652665317139
3,Stochastic WSLS: 0.05,2.58333333333,0.626984126984127,1.0,0.7083333333333334,0.4246031746031746,0.2023809523809523,0.2242063492063492,0.1488095238095238,0.758771717275,0.351362179487,0.28955465587,0.88125,2114,0.626984126984127,0.7083333333333334,0.40337362810348626,0.4241090830074915,0.28955465587
4,Soft Go By Majority: 40,2.33333333333,0.6984126984126984,1.0,0.7678571428571429,0.4325396825396826,0.2658730158730159,0.1944444444444444,0.1071428571428571,0.765979786343,0.503684210526,0.772525676937,0.36994047619,2114,0.6984126984126984,0.7678571428571429,0.23199015897911393,0.5347315429534893,0.772525676937
