Rank,Name,Median_score,Cooperation_rating,Wins,Initial_C_rate,CC_rate,CD_rate,DC_rate,DD_rate,CC_to_C_rate,CD_to_C_rate,DC_to_C_rate,DD_to_C_rate,Noise_Level,coop_rate,first_move_c,provocability,retaliation_rate,forgiveness_rate
0,Soft Go By Majority: 10,2.34677419355,0.4639276373147341,2.0,0.277027027027027,0.2339799476896251,0.2299476896251089,0.2725588491717524,0.2635135135135135,0.449236454364,0.569216639627,0.385697975174,0.47738807798,2115,0.4639276373147341,0.277027027027027,0.5849523873860409,0.479820785740148,0.385697975174
1,Soft Go By Majority: 40,2.33870967742,0.4763513513513513,2.0,0.2432432432432432,0.2341979075850043,0.242153443766347,0.2741935483870967,0.2494551002615518,0.478742239551,0.559745812238,0.384656483569,0.504086982439,2115,0.4763513513513513,0.2432432432432432,0.5720015465263231,0.46849694134433456,0.384656483569
2,Stochastic WSLS: 0.05,2.28629032258,0.489537925021796,2.0,0.2837837837837837,0.249128160418483,0.2404097646033129,0.2589363557105492,0.2515257192676547,0.349178117752,0.626305967519,0.664099301124,0.332130004265,2115,0.489537925021796,0.2837837837837837,0.490321510799722,0.5241056681013438,0.664099301124
3,Evolved FSM 4,2.12096774194,0.5175457715780296,1.0,0.3108108108108108,0.2471665213600697,0.2703792502179599,0.2247166521360069,0.2577375762859634,0.597771330462,0.469284910235,0.516102603797,0.50747053239,2115,0.5175457715780296,0.3108108108108108,0.4411203356773141,0.5120793084202672,0.516102603797
4,Meta Majority Finite Memory: 78 players,2.11290322581,0.5173278116826504,1.0,0.2972972972972973,0.2441150828247602,0.2732127288578901,0.2256974716652136,0.256974716652136,0.380521480448,0.659686041161,0.353010492351,0.656448722061,2115,0.5173278116826504,0.2972972972972973,0.6326947701548502,0.341883043821076,0.353010492351
