Rank,Name,Median_score,Cooperation_rating,Wins,Initial_C_rate,CC_rate,CD_rate,DC_rate,DD_rate,CC_to_C_rate,CD_to_C_rate,DC_to_C_rate,DD_to_C_rate,Noise_Level,coop_rate,first_move_c,provocability,retaliation_rate,forgiveness_rate
0,Evolved FSM 4,2.28846153846,0.4734542565867867,3.0,0.6596385542168675,0.2377201112140871,0.2357341453726996,0.2629087779690189,0.2636369654441943,0.480010780529,0.489960800192,0.390869251898,0.52770401918,2116,0.4734542565867867,0.6596385542168675,0.5668025194323907,0.49011312177794636,0.390869251898
1,Meta Majority Finite Memory: 78 players,2.27197802198,0.4869919237389117,2.0,0.6445783132530121,0.2489739176486164,0.2380180060902952,0.2516218721037998,0.2613862041572885,0.635284665875,0.353277186874,0.609405329476,0.34180458928,2116,0.4869919237389117,0.6445783132530121,0.3777234480700673,0.6527275256922657,0.609405329476
2,Soft Go By Majority: 10,2.24450549451,0.5364755726201509,1.0,0.6475903614457831,0.2749238713094135,0.2615517013107374,0.2313319210909572,0.2321925062888918,0.602210458513,0.527189150405,0.548364638678,0.450584897816,2116,0.5364755726201509,0.6475903614457831,0.42239421195622623,0.5088354411289434,0.548364638678
3,Soft Go By Majority: 40,2.23901098901,0.5153250364093738,2.0,0.6897590361445783,0.267675095988349,0.2476499404210247,0.2392426850258175,0.2454322785648086,0.57866483241,0.528823181742,0.504321905172,0.434612801341,2116,0.5153250364093738,0.6897590361445783,0.456421728352407,0.5180701505177446,0.504321905172
4,Stochastic WSLS: 0.05,2.22527472527,0.5005957897524163,2.0,0.6656626506024096,0.2490732159406858,0.2515225738117304,0.2493711108168939,0.2500330994306898,0.630076332925,0.358024831464,0.361787139284,0.645405950884,2116,0.5005957897524163,0.6656626506024096,0.5041484353126847,0.4987113279698625,0.361787139284
