Rank,Name,Median_score,Cooperation_rating,Wins,Initial_C_rate,CC_rate,CD_rate,DC_rate,DD_rate,CC_to_C_rate,CD_to_C_rate,DC_to_C_rate,DD_to_C_rate,Noise_Level,coop_rate,first_move_c,provocability,retaliation_rate,forgiveness_rate
0,Soft Go By Majority: 10,2.4387755102,0.4503284072249589,3.0,0.4051724137931034,0.2314098053014309,0.218918601923528,0.2938071780436312,0.2558644147314098,0.444871000641,0.542050428944,0.384612240233,0.453797497536,2117,0.4503284072249589,0.4051724137931034,0.5888378414362755,0.5055097908846936,0.384612240233
1,Soft Go By Majority: 40,2.2925170068,0.48569082805536,2.0,0.4396551724137931,0.2309992962702322,0.2546915317851278,0.2618461177574477,0.2524630541871921,0.496665151631,0.543998754394,0.424874318484,0.48061985268,2117,0.48569082805536,0.4396551724137931,0.5414769319008128,0.48755145049484944,0.424874318484
2,Stochastic WSLS: 0.05,2.28741496599,0.494018296973962,2.0,0.3275862068965517,0.2483579638752052,0.2456603330987567,0.2595003518648838,0.2464813511611541,0.349111567211,0.63283459931,0.6345819993,0.358366596014,2117,0.494018296973962,0.3275862068965517,0.5050216126973344,0.5046283437134852,0.6345819993
3,Meta Majority Finite Memory: 78 players,2.19727891156,0.5183556181093127,2.0,0.4137931034482758,0.2432559230588787,0.2750996950504339,0.2393267651888341,0.2423176167018531,0.383915011536,0.64391717587,0.381272393451,0.649281881418,2117,0.5183556181093127,0.4137931034482758,0.6173955394914499,0.35357041754217994,0.381272393451
4,Evolved FSM 4,2.11224489796,0.530494956603331,1.0,0.3793103448275862,0.2497067792634295,0.2807881773399014,0.2206779263429509,0.248827117053718,0.597526141955,0.498028479125,0.526276055786,0.508159351014,2117,0.530494956603331,0.3793103448275862,0.4359003727257066,0.4972117722951055,0.526276055786
