Rank,Name,Median_score,Cooperation_rating,Wins,Initial_C_rate,CC_rate,CD_rate,DC_rate,DD_rate,CC_to_C_rate,CD_to_C_rate,DC_to_C_rate,DD_to_C_rate,Noise_Level,coop_rate,first_move_c,provocability,retaliation_rate,forgiveness_rate
0,Stochastic WSLS: 0.05,2.265,0.495281690140845,2.0,0.5528169014084507,0.2473239436619718,0.2479577464788732,0.2517605633802817,0.2529577464788732,0.527146906374,0.450263507948,0.459613297809,0.538866816148,2118,0.495281690140845,0.5528169014084507,0.5069200684559528,0.5049926310855443,0.459613297809
1,Meta Majority Finite Memory: 78 players,2.255,0.4973239436619718,2.0,0.5211267605633803,0.2507042253521127,0.2466197183098591,0.2516901408450704,0.2509859154929577,0.545204493091,0.44853845154,0.537436826208,0.454498493542,2118,0.4973239436619718,0.5211267605633803,0.45868696211503335,0.548455379524941,0.537436826208
2,Evolved FSM 4,2.255,0.4923943661971831,2.0,0.5985915492957746,0.2477464788732394,0.2446478873239436,0.248169014084507,0.2594366197183098,0.48372527742,0.51166348718,0.475549623525,0.490256383172,2118,0.4923943661971831,0.5985915492957746,0.5203660324814456,0.49935408353325395,0.475549623525
3,Soft Go By Majority: 40,2.25,0.5137323943661972,1.0,0.5915492957746479,0.2654225352112676,0.2483098591549296,0.2395774647887324,0.2466901408450704,0.529640643394,0.50410356255,0.518420413905,0.495869249469,2118,0.5137323943661972,0.5915492957746479,0.4756823548937671,0.5000001220029582,0.518420413905
4,Soft Go By Majority: 10,2.24,0.5111971830985915,2.0,0.5633802816901409,0.2621830985915493,0.2490140845070422,0.2453521126760563,0.2434507042253521,0.527149545927,0.49994049615,0.52103585668,0.491714350488,2118,0.5111971830985915,0.5633802816901409,0.47580592699329255,0.5041261112507628,0.52103585668
