Rank,Name,Median_score,Cooperation_rating,Wins,Initial_C_rate,CC_rate,CD_rate,DC_rate,DD_rate,CC_to_C_rate,CD_to_C_rate,DC_to_C_rate,DD_to_C_rate,Noise_Level,coop_rate,first_move_c,provocability,retaliation_rate,forgiveness_rate
0,Soft Go By Majority: 10,2.35923423423,0.4612894144144144,3.0,0.3828125,0.2311373873873874,0.230152027027027,0.2810036599099099,0.2577069256756756,0.453598877169,0.527807533499,0.399768748255,0.478741116775,2119,0.4612894144144144,0.3828125,0.5759368597497309,0.4981113419009749,0.399768748255
1,Stochastic WSLS: 0.05,2.28378378378,0.498486768018018,2.0,0.3515625,0.2488386824324324,0.2496480855855855,0.2565456081081081,0.2449676238738738,0.371402849105,0.620766162076,0.624812574168,0.375008657104,2119,0.498486768018018,0.3515625,0.4999600855298255,0.5009498103259986,0.624812574168
2,Soft Go By Majority: 40,2.25,0.487647804054054,2.0,0.41796875,0.237647804054054,0.25,0.2634079391891891,0.2489442567567567,0.502607432042,0.541856407968,0.427331161517,0.484196361011,2119,0.487647804054054,0.41796875,0.5369657443085847,0.4869126124984845,0.427331161517
3,Meta Majority Finite Memory: 78 players,2.20157657658,0.5122466216216216,2.0,0.37109375,0.2467975788288288,0.2654490427927928,0.243067286036036,0.2446860923423423,0.408765952783,0.63152538158,0.381825710797,0.622469353822,2119,0.5122466216216216,0.37109375,0.6046015940127831,0.3728183381358785,0.381825710797
4,Evolved FSM 4,2.1204954955,0.5234375,1.0,0.32421875,0.2488386824324324,0.2745988175675675,0.2258234797297297,0.2507390202702703,0.577399103859,0.488905276754,0.535067153354,0.504868461883,2119,0.5234375,0.32421875,0.4427405852268975,0.5034756387039231,0.535067153354
