Rank,Name,Median_score,Cooperation_rating,Wins,Initial_C_rate,CC_rate,CD_rate,DC_rate,DD_rate,CC_to_C_rate,CD_to_C_rate,DC_to_C_rate,DD_to_C_rate,Noise_Level,coop_rate,first_move_c,provocability,retaliation_rate,forgiveness_rate
0,Meta Majority Finite Memory: 78 players,2.30434782609,0.5014492753623189,2.0,0.4388888888888889,0.2519323671497585,0.2495169082125604,0.2568840579710145,0.2416666666666667,0.447998203038,0.567401805379,0.430119595824,0.568910427357,2120,0.5014492753623189,0.4388888888888889,0.5610280959280997,0.43185593925390436,0.430119595824
1,Soft Go By Majority: 10,2.28804347826,0.4838164251207729,2.0,0.4666666666666667,0.2434782608695652,0.2403381642512077,0.2677536231884058,0.2484299516908212,0.46730048649,0.508391141019,0.462540341666,0.50165550939,2120,0.4838164251207729,0.4666666666666667,0.535192601408608,0.4950324305799259,0.462540341666
2,Stochastic WSLS: 0.05,2.26630434783,0.4977053140096618,2.0,0.4722222222222222,0.2472222222222222,0.2504830917874396,0.2520531400966184,0.2502415458937198,0.431969868343,0.562625331507,0.548593866684,0.447701442407,2120,0.4977053140096618,0.4722222222222222,0.5091539138201187,0.4948088938222812,0.548593866684
3,Soft Go By Majority: 40,2.22282608696,0.4963768115942029,2.0,0.4555555555555555,0.2429951690821256,0.2533816425120773,0.2497584541062802,0.2538647342995169,0.492194474042,0.505399889672,0.491442470277,0.500477310633,2120,0.4963768115942029,0.4555555555555555,0.508186688650652,0.4970637439327566,0.491442470277
4,Evolved FSM 4,2.15760869565,0.5158212560386474,1.0,0.4944444444444444,0.2452898550724637,0.2705314009661836,0.2378019323671497,0.2463768115942029,0.543479715682,0.49096963738,0.530407318078,0.502087259316,2120,0.5158212560386474,0.4944444444444444,0.46295517203856895,0.5037313091738692,0.530407318078
