Rank,Name,Median_score,Cooperation_rating,Wins,Initial_C_rate,CC_rate,CD_rate,DC_rate,DD_rate,CC_to_C_rate,CD_to_C_rate,DC_to_C_rate,DD_to_C_rate,Noise_Level,coop_rate,first_move_c,provocability,retaliation_rate,forgiveness_rate
0,Meta Majority Finite Memory: 78 players,2.40816326531,0.51497113997114,3.0,0.7310606060606061,0.3091115233972377,0.2058596165739022,0.244047619047619,0.2409812409812409,0.759365903066,0.255201460917,0.696159433529,0.23376175777,2121,0.51497113997114,0.7310606060606061,0.26852008347077394,0.7563609693829102,0.696159433529
1,Soft Go By Majority: 40,2.35629251701,0.5644197072768501,2.0,0.7803030303030303,0.339311482168625,0.2251082251082251,0.2159606266749124,0.2196196660482375,0.699642609489,0.619013404417,0.510239831378,0.358793401605,2121,0.5644197072768501,0.7803030303030303,0.37402135094295924,0.5094908590957571,0.510239831378
2,Soft Go By Majority: 10,2.29846938776,0.5840290661719233,1.0,0.7651515151515151,0.3436920222634508,0.2403370439084725,0.2086683158111729,0.2073026180169037,0.720192427675,0.601573324515,0.569853669268,0.362059782742,2121,0.5840290661719233,0.7651515151515151,0.3366019026842035,0.5093457661805898,0.569853669268
3,Evolved FSM 4,2.24829931973,0.4670686456400742,2.0,0.7689393939393939,0.2322459286745,0.2348227169655741,0.2589929911358483,0.2739383632240775,0.535677281231,0.46518664732,0.304090296005,0.555146015399,2121,0.4670686456400742,0.7689393939393939,0.5864209556818475,0.4863754453639623,0.304090296005
4,Stochastic WSLS: 0.05,2.19047619048,0.5040455576169862,1.0,0.7613636363636364,0.2470366934652648,0.2570088641517213,0.2354669140383426,0.2604875283446712,0.74363526511,0.254274631824,0.245932082245,0.749859374767,2121,0.5040455576169862,0.7613636363636364,0.4992492040499664,0.49626731079359765,0.245932082245
