Rank,Name,Median_score,Cooperation_rating,Wins,Initial_C_rate,CC_rate,CD_rate,DC_rate,DD_rate,CC_to_C_rate,CD_to_C_rate,DC_to_C_rate,DD_to_C_rate,Noise_Level,coop_rate,first_move_c,provocability,retaliation_rate,forgiveness_rate
0,Stochastic WSLS: 0.05,2.54347826087,0.4914596273291925,2.0,0.2678571428571428,0.264751552795031,0.2267080745341614,0.2880434782608695,0.2204968944099379,0.23643704166,0.742730932589,0.726391423891,0.26182176898,2122,0.4914596273291925,0.2678571428571428,0.5082636945651391,0.4943840022459931,0.726391423891
1,Soft Go By Majority: 10,2.29891304348,0.452639751552795,2.0,0.2321428571428571,0.217391304347826,0.2352484472049689,0.297360248447205,0.25,0.462156849088,0.662657528642,0.272340833924,0.469207699931,2122,0.452639751552795,0.2321428571428571,0.6474955397623952,0.4370078231099072,0.272340833924
2,Soft Go By Majority: 40,2.21739130435,0.5197981366459627,2.0,0.2321428571428571,0.2418478260869565,0.2779503105590062,0.2620341614906832,0.218167701863354,0.494937760242,0.723477012445,0.357219177713,0.522695459636,2122,0.5197981366459627,0.2321428571428571,0.5766801466971949,0.3648165968497246,0.357219177713
3,Meta Majority Finite Memory: 78 players,2.10869565217,0.5454192546583851,2.0,0.2678571428571428,0.2453416149068323,0.3000776397515527,0.2321428571428571,0.2224378881987577,0.358905186326,0.762930353434,0.29401160946,0.759590254649,2122,0.5454192546583851,0.2678571428571428,0.6726446990121041,0.23849154597447328,0.29401160946
4,Evolved FSM 4,2.10597826087,0.5201863354037267,1.0,0.2857142857142857,0.2449534161490683,0.2752329192546583,0.2356366459627329,0.2441770186335403,0.666472102541,0.44011030135,0.463104659291,0.538745479087,2122,0.5201863354037267,0.2857142857142857,0.4332403676146947,0.5135208445419484,0.463104659291
