Rank,Name,Median_score,Cooperation_rating,Wins,Initial_C_rate,CC_rate,CD_rate,DC_rate,DD_rate,CC_to_C_rate,CD_to_C_rate,DC_to_C_rate,DD_to_C_rate,Noise_Level,coop_rate,first_move_c,provocability,retaliation_rate,forgiveness_rate
0,Stochastic WSLS: 0.05,2.63861386139,0.5110093098862125,3.0,0.0746268656716417,0.2971405349490172,0.2138687749371952,0.3071893010196542,0.1818013890941333,0.131390447677,0.865808682311,0.872425501593,0.127405075378,2123,0.5110093098862125,0.0746268656716417,0.49193107859078694,0.4734708834889339,0.872425501593
1,Evolved FSM 4,2.43069306931,0.4662701344761342,2.0,0.1044776119402985,0.2303827397665139,0.2358873947096202,0.3084823407713906,0.2252475247524752,0.812842674137,0.343296036926,0.237601427749,0.578400494389,2123,0.4662701344761342,0.1044776119402985,0.5164638120374002,0.5418640434175418,0.237601427749
2,Soft Go By Majority: 40,2.21534653465,0.5253805231269396,2.0,0.0708955223880597,0.1972070341362494,0.3281734889906901,0.2993202305305157,0.1752992463425446,0.584395443176,0.880871665172,0.140606837456,0.483736485581,2123,0.5253805231269396,0.0708955223880597,0.6831324797066964,0.25740294791570867,0.140606837456
3,Soft Go By Majority: 10,2.20792079208,0.4892862420570415,2.0,0.1007462686567164,0.1719003989951233,0.3173858430619181,0.3198241465937638,0.1908896113491946,0.505986272704,0.879727964363,0.121289744612,0.472825948717,2123,0.4892862420570415,0.1007462686567164,0.7442254360632761,0.2730895029173374,0.121289744612
4,Meta Majority Finite Memory: 78 players,2.05940594059,0.5789493128417319,1.0,0.0559701492537313,0.1767400620659081,0.4022092507758238,0.2627087335599231,0.1583419535983449,0.286455268487,0.906899314461,0.109477290352,0.876809659994,2123,0.5789493128417319,0.0559701492537313,0.8193446812833224,0.10160027421925849,0.109477290352
