Rank,Name,Median_score,Cooperation_rating,Wins,Initial_C_rate,CC_rate,CD_rate,DC_rate,DD_rate,CC_to_C_rate,CD_to_C_rate,DC_to_C_rate,DD_to_C_rate,Noise_Level,coop_rate,first_move_c,provocability,retaliation_rate,forgiveness_rate
0,Stochastic WSLS: 0.05,2.43301104972,0.5038985920513277,3.0,0.1733870967741935,0.2727232222420246,0.2311753698093031,0.277312422028159,0.2187889859205132,0.208718500574,0.793765278107,0.79651210321,0.201432004784,2124,0.5038985920513277,0.1733870967741935,0.49493258222823056,0.4942486379889096,0.79651210321
1,Soft Go By Majority: 40,2.35220994475,0.4899750490108715,2.0,0.1975806451612903,0.2073159864551773,0.2826590625556942,0.2978301550525752,0.2121947959365532,0.561291373022,0.75503603108,0.235850114186,0.427254448081,2124,0.4899750490108715,0.1975806451612903,0.6305862097510313,0.3855176797229296,0.235850114186
2,Soft Go By Majority: 10,2.34875690608,0.4293352343610764,3.0,0.189516129032258,0.1877339155230796,0.2416013188379967,0.3478657993227589,0.2227989663161647,0.467149331763,0.727357027579,0.211745067854,0.407193626024,2124,0.4293352343610764,0.189516129032258,0.6987327737581313,0.4262433839604587,0.211745067854
3,Evolved FSM 4,2.13604972376,0.5155720905364463,1.0,0.1854838709677419,0.2395072179647121,0.276064872571734,0.2350516841917662,0.2493762252717875,0.742748881388,0.405881163357,0.407530132749,0.54187047871,2124,0.5155720905364463,0.1854838709677419,0.4232868437500194,0.5295778209531211,0.407530132749
4,Meta Majority Finite Memory: 78 players,2.13190607735,0.5701301015861701,1.0,0.1532258064516129,0.2115041882017465,0.3586259133844234,0.2320664765638923,0.1978034218499376,0.332331853067,0.827301839663,0.199801888085,0.814955009901,2124,0.5701301015861701,0.1532258064516129,0.73700492786904,0.17708729840229198,0.199801888085
