Rank,Name,Median_score,Cooperation_rating,Wins,Initial_C_rate,CC_rate,CD_rate,DC_rate,DD_rate,CC_to_C_rate,CD_to_C_rate,DC_to_C_rate,DD_to_C_rate,Noise_Level,coop_rate,first_move_c,provocability,retaliation_rate,forgiveness_rate
0,Stochastic WSLS: 0.05,2.5,0.3177083333333333,2.0,0.109375,0.15625,0.1614583333333333,0.3020833333333333,0.3802083333333333,0.25,0.916666666667,0.752083333333,0.167156862745,2125,0.3177083333333333,0.109375,0.4190814393941591,0.6094315610859423,0.752083333333
1,Soft Go By Majority: 40,2.0,0.4010416666666667,1.0,0.109375,0.265625,0.1354166666666666,0.15625,0.4427083333333333,0.104761904762,0.825,0.225,0.912689393939,2125,0.4010416666666667,0.109375,0.8507054673720741,0.10785046410076582,0.225
2,Soft Go By Majority: 10,1.875,0.453125,1.0,0.125,0.28125,0.171875,0.1354166666666666,0.4114583333333333,0.158928571429,0.958333333333,0.833333333333,0.903743315508,2125,0.453125,0.125,0.6218898809522001,0.0801721256685625,0.833333333333
3,Meta Majority Finite Memory: 78 players,1.83333333333,0.4427083333333333,1.0,0.15625,0.25,0.1927083333333333,0.140625,0.4166666666666666,0.12619047619,0.966666666667,0.333333333333,0.9,2125,0.4427083333333333,0.15625,0.79923809523852,0.0789173789172735,0.333333333333
4,Evolved FSM 4,1.75,0.4895833333333333,0.0,0.0625,0.2343749999999999,0.2552083333333333,0.1822916666666666,0.328125,0.907142857143,0.3,0.183333333333,0.966666666667,2125,0.4895833333333333,0.0625,0.40952380952387496,0.3249999999998125,0.183333333333
