Rank,Name,Median_score,Cooperation_rating,Wins,Initial_C_rate,CC_rate,CD_rate,DC_rate,DD_rate,CC_to_C_rate,CD_to_C_rate,DC_to_C_rate,DD_to_C_rate,Noise_Level,coop_rate,first_move_c,provocability,retaliation_rate,forgiveness_rate
0,Soft Go By Majority: 10,2.29938271605,0.4789846025801082,2.0,0.4241573033707865,0.2379317519766958,0.2410528506034124,0.2666458593424886,0.2543695380774032,0.467528940923,0.519514241222,0.448873807844,0.485428128178,2126,0.4789846025801082,0.4241573033707865,0.5423294314649333,0.4979869234971475,0.448873807844
1,Stochastic WSLS: 0.05,2.25617283951,0.4970869746150645,2.0,0.398876404494382,0.2524275211541129,0.2446594534609515,0.2523234845332224,0.2505895408517131,0.416884765521,0.58830605277,0.571233438324,0.419064944318,2126,0.4970869746150645,0.398876404494382,0.5059568048455663,0.4973277438600786,0.571233438324
2,Soft Go By Majority: 40,2.25308641975,0.4899084477736163,2.0,0.3876404494382022,0.2415730337078652,0.2483354140657511,0.2558954085171314,0.2541961437092523,0.48787439442,0.523090256527,0.458666444611,0.495920089288,2126,0.4899084477736163,0.3876404494382022,0.5271500365064978,0.4906532619232015,0.458666444611
3,Meta Majority Finite Memory: 78 players,2.23148148148,0.5057566930226106,2.0,0.3932584269662921,0.2500346788736302,0.2557220141489804,0.2467748647523928,0.2474684422249965,0.435508230049,0.578028469118,0.424947523664,0.590269694177,2126,0.5057566930226106,0.3932584269662921,0.5697374761240881,0.4159513115835145,0.424947523664
4,Evolved FSM 4,2.16975308642,0.5191427382438618,1.0,0.4269662921348314,0.2546122901928145,0.2645304480510473,0.2326605631849077,0.2481966985712304,0.550523293124,0.497758111443,0.530599046144,0.503568852061,2126,0.5191427382438618,0.4269662921348314,0.4589900349657317,0.4994290735009955,0.530599046144
