Rank,Name,Median_score,Cooperation_rating,Wins,Initial_C_rate,CC_rate,CD_rate,DC_rate,DD_rate,CC_to_C_rate,CD_to_C_rate,DC_to_C_rate,DD_to_C_rate,Noise_Level,coop_rate,first_move_c,provocability,retaliation_rate,forgiveness_rate
0,Evolved FSM 4,2.8203125,0.3973721590909091,2.0,0.0454545454545454,0.2061434659090908,0.1912286931818181,0.4137073863636364,0.1889204545454545,0.864895972877,0.26707187894,0.103680067919,0.582895517371,2127,0.3973721590909091,0.0454545454545454,0.6431627663244152,0.5759751311998487,0.103680067919
1,Stochastic WSLS: 0.05,2.81640625,0.5163352272727273,3.0,0.0681818181818181,0.325106534090909,0.1912286931818181,0.3314985795454545,0.1521661931818181,0.0893272805124,0.917249575422,0.928586599088,0.0760666553535,2127,0.5163352272727273,0.0681818181818181,0.486957968870876,0.4554979749909805,0.928586599088
2,Soft Go By Majority: 10,2.4375,0.46875,2.0,0.034090909090909,0.154296875,0.314453125,0.3671875,0.1640625,0.38475843192,0.958612545047,0.042635083272,0.587933274849,2127,0.46875,0.034090909090909,0.8561374090755954,0.16847749044945712,0.042635083272
3,Soft Go By Majority: 40,1.94921875,0.58203125,1.0,0.034090909090909,0.2073863636363636,0.3746448863636363,0.2411221590909091,0.1768465909090909,0.387246836521,0.961291235823,0.0590027353625,0.686894217906,2127,0.58203125,0.034090909090909,0.7892201030566893,0.12669956580138247,0.0590027353625
4,Meta Majority Finite Memory: 78 players,1.77734375,0.6477272727272727,1.0,0.0454545454545454,0.1582031249999999,0.4895241477272727,0.2075639204545454,0.1447088068181818,0.265317663781,0.966104704374,0.0388872512055,0.932514221129,2127,0.6477272727272727,0.0454545454545454,0.863176099471796,0.04155941764298631,0.0388872512055
