Rank,Name,Median_score,Cooperation_rating,Wins,Initial_C_rate,CC_rate,CD_rate,DC_rate,DD_rate,CC_to_C_rate,CD_to_C_rate,DC_to_C_rate,DD_to_C_rate,Noise_Level,coop_rate,first_move_c,provocability,retaliation_rate,forgiveness_rate
0,Soft Go By Majority: 10,2.296875,0.4855986445783132,2.0,0.4186746987951807,0.2405873493975903,0.2450112951807229,0.2600715361445783,0.2543298192771084,0.487767768463,0.496053477996,0.458211078953,0.509914179796,2128,0.4855986445783132,0.4186746987951807,0.5275857064601304,0.49688683939069184,0.458211078953
1,Soft Go By Majority: 40,2.2734375,0.4930346385542168,2.0,0.4487951807228915,0.2516001506024096,0.2414344879518072,0.2536709337349397,0.2532944277108433,0.478713799999,0.519918643476,0.480044191465,0.499681727655,2128,0.4930346385542168,0.4487951807228915,0.5206182780559794,0.490442380206327,0.480044191465
2,Evolved FSM 4,2.2578125,0.5078125,2.0,0.3885542168674699,0.2532003012048193,0.2546121987951807,0.2481174698795181,0.2440700301204819,0.526236014057,0.496857423224,0.521604289407,0.501380925479,2128,0.5078125,0.3885542168674699,0.47605636787642097,0.5009286391868691,0.521604289407
3,Stochastic WSLS: 0.05,2.2265625,0.5026355421686747,2.0,0.4397590361445783,0.2527296686746988,0.2499058734939759,0.2451054216867469,0.2522590361445783,0.434814786889,0.552668233999,0.577207573121,0.45657483875,2128,0.5026355421686747,0.4397590361445783,0.4950791788232088,0.4956036121616973,0.577207573121
4,Meta Majority Finite Memory: 78 players,2.2109375,0.5081890060240963,2.0,0.4216867469879518,0.2469879518072289,0.2612010542168674,0.2451995481927711,0.2466114457831325,0.445737446216,0.572702228208,0.437705926374,0.584542813497,2128,0.5081890060240963,0.4216867469879518,0.5582637221122483,0.42154757096583134,0.437705926374
