Rank,Name,Median_score,Cooperation_rating,Wins,Initial_C_rate,CC_rate,CD_rate,DC_rate,DD_rate,CC_to_C_rate,CD_to_C_rate,DC_to_C_rate,DD_to_C_rate,Noise_Level,coop_rate,first_move_c,provocability,retaliation_rate,forgiveness_rate
0,Stochastic WSLS: 0.05,2.325,0.487037037037037,2.0,0.6180555555555556,0.2405092592592592,0.2465277777777778,0.2701388888888889,0.242824074074074,0.570195116634,0.378614620193,0.391664561574,0.60260152973,2129,0.487037037037037,0.6180555555555556,0.52424965116066,0.5102395576195292,0.391664561574
1,Meta Majority Finite Memory: 78 players,2.27083333333,0.506712962962963,2.0,0.5902777777777778,0.2571759259259259,0.249537037037037,0.2446759259259259,0.2486111111111111,0.598800310183,0.398989198881,0.611454609651,0.403319470965,2129,0.506712962962963,0.5902777777777778,0.39503013514095026,0.5988496894934349,0.611454609651
2,Soft Go By Majority: 10,2.25833333333,0.5261574074074075,1.5,0.5486111111111112,0.2664351851851851,0.2597222222222222,0.2430555555555555,0.230787037037037,0.55707369307,0.500842334379,0.545813034286,0.496849281552,2129,0.5261574074074075,0.5486111111111112,0.448298270457124,0.5010364167623492,0.545813034286
3,Soft Go By Majority: 40,2.2375,0.5372685185185185,1.0,0.6875,0.2875,0.2497685185185185,0.2333333333333333,0.2293981481481481,0.57889448388,0.526530990366,0.543509294741,0.472489642567,2129,0.5372685185185185,0.6875,0.43695808085427207,0.4993409785561299,0.543509294741
4,Evolved FSM 4,2.225,0.4861111111111111,2.0,0.6041666666666666,0.2456018518518518,0.2405092592592592,0.2548611111111111,0.2590277777777778,0.474152272011,0.498009074247,0.425521242666,0.529306657764,2129,0.4861111111111111,0.6041666666666666,0.5506131134232484,0.4857620119645278,0.425521242666
