Rank,Name,Median_score,Cooperation_rating,Wins,Initial_C_rate,CC_rate,CD_rate,DC_rate,DD_rate,CC_to_C_rate,CD_to_C_rate,DC_to_C_rate,DD_to_C_rate,Noise_Level,coop_rate,first_move_c,provocability,retaliation_rate,forgiveness_rate
0,Meta Majority Finite Memory: 78 players,2.3875,0.5214788732394366,2.0,0.7112676056338029,0.2985035211267606,0.222975352112676,0.2534330985915493,0.225088028169014,0.694660584276,0.311274244057,0.686323778944,0.292596289715,2130,0.5214788732394366,0.7112676056338029,0.30916743207979397,0.6981087675839615,0.686323778944
1,Soft Go By Majority: 40,2.30625,0.5617077464788732,2.0,0.704225352112676,0.3125880281690141,0.2491197183098591,0.2285211267605633,0.2097711267605633,0.646908236017,0.578147410018,0.543060499909,0.420680021326,2130,0.5617077464788732,0.704225352112676,0.3969487223263167,0.4938350928120472,0.543060499909
2,Evolved FSM 4,2.3,0.4697183098591549,2.0,0.7253521126760564,0.2374119718309859,0.232306338028169,0.2627640845070422,0.2675176056338028,0.496209524083,0.48716120925,0.351661822701,0.52132339789,2130,0.4697183098591549,0.7253521126760564,0.5797276263262344,0.49455437876039804,0.351661822701
3,Soft Go By Majority: 10,2.26875,0.577112676056338,1.0,0.7077464788732394,0.3188380281690141,0.2582746478873239,0.2178697183098591,0.2050176056338028,0.669826585317,0.565295156692,0.578425535586,0.438059777866,2130,0.577112676056338,0.7077464788732394,0.3672765142539734,0.4910094599307919,0.578425535586
4,Stochastic WSLS: 0.05,2.2625,0.5092429577464789,2.0,0.7711267605633803,0.2652288732394366,0.2440140845070422,0.2441021126760563,0.2466549295774648,0.687894697561,0.311768317511,0.30661495756,0.685572448486,2130,0.5092429577464789,0.7711267605633803,0.4948375387028737,0.5003236855403186,0.30661495756
