Rank,Name,Median_score,Cooperation_rating,Wins,Initial_C_rate,CC_rate,CD_rate,DC_rate,DD_rate,CC_to_C_rate,CD_to_C_rate,DC_to_C_rate,DD_to_C_rate,Noise_Level,coop_rate,first_move_c,provocability,retaliation_rate,forgiveness_rate
0,Stochastic WSLS: 0.05,2.88793103448,0.5083455612619222,3.0,0.0425531914893617,0.3219002201027146,0.1864453411592076,0.3340975788701394,0.1575568598679383,0.100255719289,0.901345201258,0.897646816849,0.103736922493,2131,0.5083455612619222,0.0425531914893617,0.49363554753455924,0.4639683212475371,0.897646816849
1,Soft Go By Majority: 10,2.78879310345,0.4587307410124724,2.0,0.0425531914893617,0.1659941305942773,0.2927366104181951,0.3614269992663243,0.1798422597212032,0.417705877047,0.929884769282,0.0721117435536,0.522359591355,2131,0.4587307410124724,0.0425531914893617,0.8191201497479034,0.22520098152623733,0.0721117435536
2,Evolved FSM 4,2.72844827586,0.420487894350697,2.0,0.0691489361702127,0.2114820249449743,0.2090058694057226,0.3718818782098312,0.2076302274394717,0.844270926209,0.307705628093,0.155615797386,0.598393057511,2131,0.420487894350697,0.0691489361702127,0.5947318323788424,0.5474305505989763,0.155615797386
3,Soft Go By Majority: 40,2.06896551724,0.5972120322817315,1.0,0.0638297872340425,0.2101063829787234,0.3871056493030081,0.2300073367571533,0.1727806309611151,0.475369917842,0.933056925687,0.104489781609,0.659596392201,2131,0.5972120322817315,0.0638297872340425,0.7184553336004597,0.151332860568139,0.104489781609
4,Meta Majority Finite Memory: 78 players,1.78448275862,0.6184886280264124,1.0,0.0585106382978723,0.1638848129126925,0.4546038151137197,0.232483492296405,0.1490278796771826,0.256271201704,0.947918176851,0.0654415924294,0.920099939395,2131,0.6184886280264124,0.0585106382978723,0.8556568546382285,0.0589497410867089,0.0654415924294
