Rank,Name,Median_score,Cooperation_rating,Wins,Initial_C_rate,CC_rate,CD_rate,DC_rate,DD_rate,CC_to_C_rate,CD_to_C_rate,DC_to_C_rate,DD_to_C_rate,Noise_Level,coop_rate,first_move_c,provocability,retaliation_rate,forgiveness_rate
0,Soft Go By Majority: 10,2.53086419753,0.4337191358024691,3.0,0.2666666666666666,0.2186471193415638,0.2150720164609053,0.3114711934156379,0.254809670781893,0.431122100327,0.57098373309,0.33481958464,0.441529154125,2132,0.4337191358024691,0.2666666666666666,0.6254604752379688,0.4992175102077315,0.33481958464
1,Soft Go By Majority: 40,2.33719135802,0.473585390946502,2.0,0.3041666666666666,0.2261316872427983,0.2474537037037037,0.282716049382716,0.2436985596707819,0.505331532527,0.592023927794,0.366226035703,0.449937532792,2132,0.473585390946502,0.3041666666666666,0.5719555490080489,0.47847610324097856,0.366226035703
2,Stochastic WSLS: 0.05,2.2924382716,0.498559670781893,2.0,0.2916666666666667,0.2527777777777777,0.2457818930041152,0.2581018518518518,0.2433384773662551,0.317407918365,0.676138575379,0.688047998522,0.311212352501,2132,0.498559670781893,0.2916666666666667,0.49534074979310827,0.5054130360554406,0.688047998522
3,Meta Majority Finite Memory: 78 players,2.06095679012,0.536059670781893,1.0,0.3375,0.240869341563786,0.2951903292181069,0.2258744855967078,0.2380658436213991,0.366456125883,0.707254840596,0.32933102391,0.700579360915,2132,0.536059670781893,0.3375,0.6515100748954695,0.2957253475064134,0.32933102391
4,Evolved FSM 4,2.05169753086,0.5335390946502058,0.0,0.275,0.2451131687242798,0.2884259259259259,0.2137602880658436,0.2527006172839506,0.642329110191,0.46519257676,0.523144620893,0.524246864387,2132,0.5335390946502058,0.275,0.4131914486653241,0.5072296687870662,0.523144620893
